latitude,longitude,elevation,utc_offset_seconds,timezone,timezone_abbreviation,,,,,,,,
13,77.600006,914,18000,Asia/Kolkata,IST,,,,,,,,
,,,,,,,,,,,,,
time,weathercode (wmo code),temperature_2m_max (°C),temperature_2m_min (°C),temperature_2m_mean (°C),apparent_temperature_max (°C),apparent_temperature_min (°C),apparent_temperature_mean (°C),precipitation_sum (mm),rain_sum (mm),precipitation_hours (h),windspeed_10m_max (km/h),windgusts_10m_max (km/h),winddirection_10m_dominant (°)
12-02-2020,2,28.7,16.9,22.4,18.3,29.8,23.4,0,0,0,16.3,35.6,104
13-02-2020,2,29.7,16.4,22.5,19.2,29.5,23.4,0,0,0,14.6,34.2,81
14-02-2020,0,29.6,15.2,22.9,18,31.7,24.3,0,0,0,11.4,21.6,62
15-02-2020,1,30.6,16,23.5,17.2,31.9,24,0,0,0,13.6,22.7,88
16-02-2020,1,30.7,16.7,23.1,15.8,30.4,22.2,0,0,0,14.1,28.8,91
17-02-2020,0,30,14.4,22,15.8,29.6,21.4,0,0,0,13,30.2,83
18-02-2020,1,29.8,14.6,22,15.6,29.4,22,0,0,0,14.8,34.9,94
19-02-2020,1,30,15.4,22.5,16.7,30.4,23,0,0,0,15.5,29.2,97
20-02-2020,0,30,14.4,22,16.7,29.6,22.1,0,0,0,15.4,31.3,98
21-02-2020,2,30.1,15.7,22.3,17.4,30.2,22.8,0,0,0,15.6,28.8,105
22-02-2020,3,29.9,16.7,22.6,18.1,31,23.8,0,0,0,15.7,29.5,97
23-02-2020,3,29.7,17.6,23,19.6,30.2,23.9,0,0,0,15.8,29.2,104
24-02-2020,3,30,17.9,23.3,20.2,30.3,24,0,0,0,15.1,29.2,113
25-02-2020,2,30.8,17.8,23.9,19.4,33,25.2,0,0,0,13.8,25.6,124
26-02-2020,2,30.3,18,24.2,20.2,31.5,25.8,0,0,0,13.8,30.2,108
27-02-2020,2,30.2,18.7,24.2,21.6,30.9,25.4,0,0,0,17.7,31.7,98
28-02-2020,3,29.8,17.9,23.6,20.6,30.7,24.9,0,0,0,18.2,36,105
29-02-2020,3,30.5,18.3,24,20.4,32,25.5,0,0,0,19.6,37.8,107
01-03-2020,2,30.4,18.4,23.9,21,32.4,25.7,0,0,0,18,37.1,111
02-03-2020,3,27.5,18.1,23.2,21,30.6,25.9,0,0,0,14.7,29.2,142
03-03-2020,2,29.7,19.1,24.6,21.6,34,27.2,0,0,0,8.4,23.8,157
04-03-2020,51,30.2,20.3,25,23.7,32.6,27.2,0.5,0.5,3,11,26.3,305
05-03-2020,51,29.5,20.2,24.6,23.6,32.7,27.3,0.2,0.2,2,13.3,27.7,169
06-03-2020,51,29.1,19.9,24.4,23.2,32.2,27.3,0.7,0.7,4,13.5,31.7,193
07-03-2020,51,29,20.7,24.3,24.6,32.7,27.8,0.8,0.8,5,11.5,31,164
08-03-2020,2,30,20.7,24.9,24.6,33.3,28.2,0,0,0,13.4,25.9,140
09-03-2020,51,30.4,19.8,24.8,23.4,33.2,27.9,0.1,0.1,1,12.2,25.2,139
10-03-2020,1,31.2,19.8,25.5,23.3,33.9,27.9,0,0,0,12.7,23.4,136
11-03-2020,1,32.5,19.5,25.8,23.1,34.2,27.2,0,0,0,12.8,27.7,158
12-03-2020,1,32.2,18.9,25.7,22,32.7,26.9,0,0,0,14.8,27.4,159
13-03-2020,1,32.4,18.9,25.5,21.3,32.5,26.5,0,0,0,15.8,31,129
14-03-2020,1,32.5,18.2,25.3,21.3,33.2,26.5,0,0,0,15.1,27,117
15-03-2020,2,32.9,19,25.4,21.6,33.6,26.9,0,0,0,16,30.2,107
16-03-2020,2,32.4,19.4,25.4,21.7,34.2,27.1,0,0,0,15.8,29.9,121
17-03-2020,1,32.2,18.8,25.3,22.1,31.9,26.3,0,0,0,17.3,40.7,124
18-03-2020,1,33.1,17.9,25.7,20.1,33.3,26.2,0,0,0,14.8,34.6,126
19-03-2020,1,33,19.2,26.3,21.8,35.1,27.6,0,0,0,13.4,23.8,156
20-03-2020,55,32,21.4,25.1,23.2,34.7,27.4,1.9,1.9,5,10.7,28.8,190
21-03-2020,1,32.7,20.2,26.4,23.4,35.3,28.3,0,0,0,12.8,25.2,245
22-03-2020,51,30.1,20.7,25.5,23.3,32.5,28,0.2,0.2,2,10.9,26.6,164
23-03-2020,63,30.7,21.2,24.6,24,33.9,27.7,5.9,5.9,5,11.6,26.3,145
24-03-2020,1,32.2,19.4,25.9,23.2,35.1,28.2,0,0,0,15.8,27,115
25-03-2020,1,31.6,19,25.4,22.2,33.3,27,0,0,0,14.2,27.7,124
26-03-2020,1,32.6,18.6,25.4,21.6,33.5,27,0,0,0,15.3,32,106
27-03-2020,1,32.2,18,25.1,21.1,33.2,26.2,0,0,0,14.2,28.1,112
28-03-2020,0,32.9,17.4,25.2,20.1,32.9,25.5,0,0,0,13.4,32.4,102
29-03-2020,0,33.4,17.4,25.7,19.2,33.8,26.1,0,0,0,13.7,31.3,108
30-03-2020,1,33.9,18.1,26,20.8,34,26.9,0,0,0,15.5,35.3,107
31-03-2020,1,33.6,18.1,26.1,20.7,33.1,26.5,0,0,0,15.3,34.6,108
01-04-2020,0,34.2,19,26.9,21.3,34.5,27.4,0,0,0,14.7,35.6,108
02-04-2020,1,34.5,19,27.2,22.5,36.1,28.5,0,0,0,15.3,31.3,129
03-04-2020,1,34.1,20,27.1,23.6,35.2,28.7,0,0,0,15,28.8,132
04-04-2020,0,34.1,19.2,26.8,23.6,36,28.5,0,0,0,16.1,28.1,137
05-04-2020,2,33.7,20,27.1,23.6,35.9,29.6,0,0,0,15.3,29.5,144
06-04-2020,55,32.6,22.4,26.7,25.1,37.5,29.6,3.1,3.1,5,12.6,28.8,210
07-04-2020,63,31.7,21.5,25.1,25.3,35.1,28.1,11.5,11.5,6,7.9,25.2,248
08-04-2020,61,30.8,20.9,24.4,23.9,35.6,28.4,10.9,10.9,8,11.2,25.2,329
09-04-2020,61,30.7,20.7,24.9,21.3,36.3,27.6,1.6,1.6,2,11.2,25.9,113
10-04-2020,51,30.8,20.6,25.4,21.2,33.9,27,0.3,0.3,1,10.6,27.4,136
11-04-2020,0,31.9,19.7,25.6,22.4,33.9,27.6,0,0,0,10.5,27,120
12-04-2020,1,32.5,19.1,25.8,22.9,33.3,27.7,0,0,0,12.6,28.4,105
13-04-2020,0,33.8,19,26.3,20.4,34.1,27.2,0,0,0,12.6,29.2,92
14-04-2020,0,34.1,17.1,26,19.6,33.1,26.1,0,0,0,17,37.8,96
15-04-2020,0,33.7,17.4,26,20.6,34.9,27.1,0,0,0,12.9,22.7,115
16-04-2020,1,34,20,26.9,22.5,35.8,28.6,0,0,0,12.2,24.8,131
17-04-2020,0,34.4,21,27.5,23.3,35.8,29.1,0,0,0,11.3,29.2,127
18-04-2020,1,33.8,21.2,27.4,24.7,34.8,29.4,0,0,0,11.9,31.3,126
19-04-2020,0,33.9,20.7,27.2,24.4,34.7,29,0,0,0,13.7,28.4,118
20-04-2020,1,33.8,20.8,27,25.1,35.2,29.1,0,0,0,13.6,31.7,119
21-04-2020,0,33.7,19.5,27,23.1,36.5,29,0,0,0,13.4,24.5,134
22-04-2020,2,33.9,21.5,27.9,23.6,37.4,30,0,0,0,10.5,24.1,153
23-04-2020,2,34.6,22.2,28.8,24.8,37.8,31.1,0,0,0,8.7,22.3,120
24-04-2020,63,32.3,22.9,26.6,26.7,36.6,29.9,8.6,8.6,6,11.6,29.9,188
25-04-2020,63,31.8,22.5,25.6,26.1,35.2,29.5,8.1,8.1,3,12.8,24.8,268
26-04-2020,53,30.9,21.6,26,26,33.6,29.3,1.7,1.7,3,9.3,22.3,182
27-04-2020,2,31.4,21.9,26.5,24.7,34.8,29.5,0,0,0,10.2,25.9,257
28-04-2020,1,31.4,20.9,26.3,25.4,35.5,29.5,0,0,0,14.7,21.6,157
29-04-2020,53,29.1,21.1,24.6,23.1,31,27,1.6,1.6,4,9.4,25.9,208
30-04-2020,2,30.9,20.7,26,23.9,33.8,28.9,0,0,0,9.4,28.1,110
01-05-2020,2,32.3,20.5,26.9,23.4,35.3,29.5,0,0,0,9.6,28.1,335
02-05-2020,1,32.6,21.4,27.4,25.2,35.8,30.1,0,0,0,7.6,24.5,17
03-05-2020,1,33.4,21.7,27.7,25.9,35.8,30,0,0,0,10,24.5,83
04-05-2020,1,33,22,27.8,25.7,36.1,30.5,0,0,0,7.7,26.6,131
05-05-2020,1,33.3,21.5,27.7,24.7,36.8,30.6,0,0,0,7.6,22.7,120
06-05-2020,1,33.2,23,28,24.9,36.3,29.9,0,0,0,7.7,21.6,142
07-05-2020,51,32.4,22.4,27.4,25.3,35.5,29.8,0.2,0.2,1,10.2,23,71
08-05-2020,1,32.6,22.3,27.5,25.7,36.2,30.7,0,0,0,8.7,26.6,122
09-05-2020,1,33.9,22.5,28.1,26.6,36.1,31,0,0,0,12.8,30.2,112
10-05-2020,1,34.1,22.4,27.9,26.5,36.1,30.4,0,0,0,11.8,24.8,125
11-05-2020,1,33.1,21.8,27.2,25.2,34.7,29.5,0,0,0,12.1,29.2,102
12-05-2020,1,33.4,21.4,26.9,24.6,34.3,29.3,0,0,0,16.1,31,100
13-05-2020,1,32.4,21.3,26.9,25.3,35.6,30,0,0,0,12.2,22.7,141
14-05-2020,1,33.8,22.1,28,25.3,36.3,30.6,0,0,0,13.4,28.1,111
15-05-2020,1,34.3,21.9,28,26.3,36.4,30.8,0,0,0,12.1,24.8,78
16-05-2020,51,32.7,22.4,27.6,26.9,34.3,30.3,0.2,0.2,1,10.7,25.6,344
17-05-2020,61,33.1,22.8,26.7,25.2,35.9,30,6,6,6,14.4,32.8,330
18-05-2020,61,31.2,21,25.7,22.9,32.1,27.2,5.9,5.9,13,20.9,44.3,295
19-05-2020,53,31.9,22.2,25.9,23.9,32.5,27.7,0.7,0.7,2,23.2,57.2,283
20-05-2020,51,32.4,21.3,26.2,24,34.6,28.9,0.2,0.2,1,18.3,43.9,277
21-05-2020,51,32.1,20.5,26.4,24.9,35.4,30,0.1,0.1,1,14.5,31.7,267
22-05-2020,3,32.4,21.5,27,25.7,37.2,30.2,0,0,0,17.2,35.6,277
23-05-2020,2,34,22.9,28.1,26.5,36.7,31.2,0,0,0,14,31.7,282
24-05-2020,51,33,22.3,27.6,26.4,37.3,30.8,0.1,0.1,1,13.9,29.9,285
25-05-2020,2,32.8,22.4,27.7,26.4,38,30.8,0,0,0,13.4,29.5,274
26-05-2020,53,32.4,22.7,27.2,25.9,37.9,30.8,0.9,0.9,2,15.3,28.8,278
27-05-2020,51,32.3,21.9,26.8,26.2,38.2,30.3,0.7,0.7,4,11.4,27.7,280
28-05-2020,51,32.8,22.2,27.1,23.9,36.4,29.6,0.1,0.1,1,18.4,38.9,274
29-05-2020,55,32.6,22.4,26.3,23.1,36.8,28.9,2.9,2.9,8,14,31.7,268
30-05-2020,63,31.2,22.4,25.2,24.7,35,28.9,18.1,18.1,8,10.4,26.6,327
31-05-2020,55,30.4,21.6,25.2,25.7,36.1,29.8,1.6,1.6,3,10.8,30.6,198
01-06-2020,63,29.1,21.3,24,25.2,34.6,28.3,11,11,8,12,29.9,230
02-06-2020,51,27.4,20.5,23.1,23.8,30.1,26.5,0.4,0.4,2,20.6,43.2,228
03-06-2020,51,28.4,20.9,24.2,23.5,30.7,26.6,0.7,0.7,3,22.5,47.2,230
04-06-2020,55,28.6,21,24,23.7,32.2,27.5,2.5,2.5,5,22.5,46.4,241
05-06-2020,63,28.6,20.8,24,24.1,33.1,27.9,3.4,3.4,4,17.6,40,254
06-06-2020,61,29.1,21,23.7,24.3,34.1,27.8,10.2,10.2,10,15.8,36.4,266
07-06-2020,55,28.5,20.8,23.4,23.3,32.8,26.9,2.8,2.8,5,18.7,42.1,261
08-06-2020,51,29.4,21,24.7,23.3,32.2,27.6,0.2,0.2,1,16.5,40.7,278
09-06-2020,53,27.7,20.3,23.7,23.8,31.7,27.5,1.3,1.3,4,17.6,38.5,282
10-06-2020,53,27.7,21.5,23.6,23.4,31,26.5,2.5,2.5,7,20.8,40.7,278
11-06-2020,61,26,20.5,22.7,21.5,28.5,24.4,3,3,5,20.2,54.7,276
12-06-2020,51,27,20.1,23,21.1,27.1,23.7,0.9,0.9,6,28.3,62.3,257
13-06-2020,61,27.3,20.3,23,21.9,28.2,24.6,2.3,2.3,4,24.7,48.2,246
14-06-2020,53,27.8,21.2,23.9,22.5,29.9,25.6,1.3,1.3,7,26.8,57.6,253
15-06-2020,3,28.4,21.5,24.5,23.5,29.5,26.1,0,0,0,27.9,54,256
16-06-2020,51,27.6,21.3,23.9,23.8,29.8,26.2,0.1,0.1,1,25.1,56.2,245
17-06-2020,3,27,21.2,23.4,23,27.4,24.9,0,0,0,27.3,54,248
18-06-2020,53,27.4,21.2,23.6,23.1,28.6,25.3,0.8,0.8,2,25.5,52.6,256
19-06-2020,53,28.6,21.3,24,23.3,31,26.5,2,2,5,19.9,44.6,272
20-06-2020,3,29.2,20.9,24.7,22.7,30.8,26.3,0,0,0,21,41.8,273
21-06-2020,61,28.6,20.1,23.4,22.3,30.4,25.3,3.4,3.4,8,19.1,43.6,269
22-06-2020,61,27.6,20.6,22.7,22.5,30.2,24.9,4.3,4.3,7,21.6,43.9,268
23-06-2020,55,29.2,20.1,23.7,22.6,32.8,27,1.5,1.5,4,18.6,46.8,266
24-06-2020,55,28.9,20.7,24,24.2,34.3,27.5,5.7,5.7,7,13,30.6,255
25-06-2020,63,28.8,20.2,23.4,23.9,34.7,27.6,22.9,22.9,20,9.3,19.4,255
26-06-2020,61,27.7,20.3,23,24.4,32.4,27.9,14.4,14.4,16,9.2,24.1,235
27-06-2020,51,27.9,20.1,23.8,24.3,32.7,27.4,0.2,0.2,1,16.3,33.8,246
28-06-2020,61,27.4,20.8,23.3,24.7,33.1,27.3,5.3,5.3,4,13.3,26.6,260
29-06-2020,53,27.4,20.5,23.2,24.1,32.1,27.4,2.8,2.8,8,12.6,27,264
30-06-2020,53,26.9,20.5,23.3,23.6,31.4,26.6,1.4,1.4,6,18,38.5,258
01-07-2020,63,26.7,20,22.8,22.8,31.2,26.6,6.6,6.6,6,16.4,36.7,257
02-07-2020,63,24.8,20,21.6,23,29.2,24.9,10.8,10.8,16,17.1,45.7,259
03-07-2020,63,26.6,20.1,21.7,21.9,28.1,24.2,18.5,18.5,19,23.9,55.8,264
04-07-2020,53,23.1,19.8,21.2,21.9,28,24.6,6.3,6.3,15,22.6,47.2,251
05-07-2020,51,26,20.5,22.7,22.7,28.3,25.1,0.9,0.9,5,23.6,47.5,250
06-07-2020,53,26.2,20.7,22.9,23.2,28.4,25.3,1,1,5,22.2,46.4,256
07-07-2020,53,26.3,20.7,23,23,30.3,25.6,1.8,1.8,8,20.8,46.4,247
08-07-2020,63,26.5,19.9,22.3,22.4,29.7,25.6,12.5,12.5,11,16.2,38.5,256
09-07-2020,61,25.8,19.6,21.8,22.6,30.1,25.5,12,12,16,13,35.3,267
10-07-2020,61,26.1,19.5,22.1,21.7,30.1,25.2,6.9,6.9,12,15.9,34.9,251
11-07-2020,63,26.9,20.1,22.7,22.4,32.3,26.4,9.7,9.7,6,16.3,36.7,255
12-07-2020,61,27.3,19.7,22.9,23.6,31.6,26.7,3.5,3.5,9,15.9,33.5,259
13-07-2020,61,25.6,19.4,22.1,22.6,30.4,26,3.9,3.9,9,14.5,34.2,269
14-07-2020,61,25.3,20.3,22.1,23.5,29.1,25.8,5.9,5.9,14,18.7,45,270
15-07-2020,63,25.6,20.2,21.7,21.7,28.5,24.5,19.3,19.3,21,19,46.8,251
16-07-2020,61,24.8,20.2,21.7,21.1,27,23.9,10.5,10.5,20,19.7,50,244
17-07-2020,53,23.9,20,21.3,22,29.8,24.3,8.7,8.7,20,25.1,50.8,248
18-07-2020,61,26,20,22,22,29.6,25.5,11.1,11.1,11,16.2,34.6,252
19-07-2020,61,26.6,20.1,22.8,23.7,32.4,27.6,5.5,5.5,9,11.8,28.1,264
20-07-2020,53,27.8,20.6,23.2,24.5,32.5,27.2,4.6,4.6,12,11.5,28.8,191
21-07-2020,3,27.7,19.4,23.4,22.8,33,27.6,0,0,0,14.3,34.2,225
22-07-2020,51,29,19.6,24.2,24.6,34.2,29.1,0.3,0.3,2,10.8,25.9,166
23-07-2020,55,27.6,20.5,23.5,25.2,34.4,28.7,6.2,6.2,9,7.6,19.1,256
24-07-2020,65,24.6,20.6,22.2,24,28.6,26,56.8,56.8,12,16.2,33.8,233
25-07-2020,61,26.6,19.5,22.7,22.6,31.5,25.7,2.6,2.6,3,17.7,41.8,250
26-07-2020,53,26.6,19.6,22.4,22.2,29.7,25.6,5.2,5.2,9,17.5,36.4,256
27-07-2020,55,26.3,19.1,22.3,22.3,31.4,25.8,2.1,2.1,4,17.1,37.8,283
28-07-2020,61,26.6,19.8,22.6,22.2,31,26.4,6.7,6.7,7,17.5,36.7,293
29-07-2020,61,23.6,19.7,21.2,23.7,28.8,25.6,7.7,7.7,11,10.4,26.3,259
30-07-2020,61,25.9,19.7,22.2,22.2,29.8,25.6,6.5,6.5,15,19.1,39.6,260
31-07-2020,61,26.8,19.9,22.5,24,32,26.5,3.7,3.7,6,15.1,33.1,249
01-08-2020,3,26.2,19.9,22.6,22.2,29.5,25,0,0,0,20,41.8,252
02-08-2020,63,25.4,20.1,21.8,21.4,27.5,23.9,10.4,10.4,15,25.7,52.9,248
03-08-2020,53,24.5,20.1,21.6,21.6,26.8,23.8,6.1,6.1,18,29.1,54.7,255
04-08-2020,55,23.6,19.8,20.9,21.2,25.4,22.8,10.5,10.5,24,32,78.1,256
05-08-2020,61,25.2,19.8,21.3,20.4,24.7,22.4,13.2,13.2,19,36.9,73.1,252
06-08-2020,61,25.9,21,22.5,21.6,27.8,24.6,6.1,6.1,14,31.1,69.8,255
07-08-2020,51,24.5,21.2,22.6,22.3,27.7,25.2,0.2,0.2,2,25.2,49.7,259
08-08-2020,63,24.2,20.2,21.8,23.1,29.5,25.4,30.5,30.5,14,21,50.8,270
09-08-2020,63,23.4,19.8,21,22.1,28.2,24.2,28.5,28.5,17,16,41,264
10-08-2020,61,24.6,19.7,21.4,22,27.1,24.3,10.3,10.3,15,20.3,48.2,258
11-08-2020,51,26.1,20,22.1,22.5,29,25,3.2,3.2,15,21.3,46.8,265
12-08-2020,53,25.4,19.8,22.2,22.5,27.6,24.8,1.3,1.3,6,24.2,50,263
13-08-2020,3,26,20.1,22.5,22.7,28.2,25,0,0,0,22.8,45,271
14-08-2020,3,25.2,20,22.4,22,26.9,24.2,0,0,0,22.9,46.4,259
15-08-2020,3,24.7,19.7,21.9,21.8,25.8,23.5,0,0,0,26.7,50.8,254
16-08-2020,51,24.6,20,21.9,22.1,25.1,23.3,0.9,0.9,6,24.3,49,259
17-08-2020,61,26.2,20.1,22,21.6,28.3,24,4.5,4.5,7,24.1,52.2,258
18-08-2020,53,25.6,19.9,22.1,22.2,27.9,24.8,1.2,1.2,4,22,43.9,266
19-08-2020,3,25.6,19.7,22.4,21.8,28.9,24.9,0,0,0,20.5,40.7,274
20-08-2020,51,25.5,19.3,22.1,22.4,27.9,24.9,1,1,5,18.4,41,265
21-08-2020,51,26.2,19.8,22.7,22.3,29.5,25.9,0.3,0.3,2,18.9,38.5,251
22-08-2020,53,27.2,19.2,22.6,22.7,31.7,26.7,1.1,1.1,5,15.8,33.1,263
23-08-2020,53,26.4,19.9,22.8,23.6,30.4,26.6,0.6,0.6,2,14.8,34.6,262
24-08-2020,3,26.3,19.6,22.9,23,30.4,26.4,0,0,0,11.9,29.5,257
25-08-2020,2,28.2,19.2,23.6,23.1,32.4,27.4,0,0,0,11.5,27,286
26-08-2020,2,27.7,20,23.6,24.1,32.4,27.5,0,0,0,11.5,26.3,309
27-08-2020,3,26.8,19.9,22.8,22.9,30.2,25.9,0,0,0,12.8,28.8,285
28-08-2020,3,27.6,19,22.9,21.9,30.9,26.5,0,0,0,13.1,30.2,274
29-08-2020,3,27.5,18.5,23,22.3,31,26.7,0,0,0,13.7,30.6,267
30-08-2020,53,27.7,19.7,23.3,22.8,32.6,27.6,1.4,1.4,4,14.8,32.4,276
31-08-2020,53,27.3,19.7,23.2,22.5,31.1,26.9,0.9,0.9,2,11.2,24.1,308
01-09-2020,63,26.8,20.1,22.9,23,30.2,26.1,11.3,11.3,11,14.5,34.6,327
02-09-2020,61,25.8,19.3,22.1,22.9,29.3,25.7,11.8,11.8,16,13.7,31.7,2
03-09-2020,63,27.1,19.7,22.2,23.1,33.7,27.1,8.4,8.4,14,7.9,24.8,131
04-09-2020,61,26.9,19.1,22.6,23.9,32.2,27.8,5.1,5.1,10,8.4,24.5,124
05-09-2020,61,27.1,20.1,22.9,25.1,32.9,28.4,4.3,4.3,6,8.1,22.7,125
06-09-2020,61,27.3,20.1,23,25.2,34.1,28.5,6.2,6.2,8,8.4,22,149
07-09-2020,3,26.9,20.4,23.2,23.8,29.3,26,0,0,0,21.6,41,238
08-09-2020,55,27.5,19.5,22.9,23.1,33.3,27.7,5.5,5.5,11,9.1,24.1,240
09-09-2020,55,26.6,19.6,22.5,22.7,32.9,26.8,4.3,4.3,7,12.1,24.1,241
10-09-2020,63,25.6,19.6,21.4,21.8,28.7,24.3,12.5,12.5,17,20.2,41.8,241
11-09-2020,61,24.9,19.4,21.3,21.5,27,23.6,8.2,8.2,14,23.8,47.2,240
12-09-2020,61,24.2,19.7,21,21.6,26.7,23.6,9.3,9.3,17,21.9,43.9,248
13-09-2020,63,23.7,19.4,20.6,21.2,27.2,23,17.4,17.4,20,17.3,41,265
14-09-2020,51,24.4,19.6,21.4,20.9,26.6,23.6,1.1,1.1,7,20,48.2,273
15-09-2020,63,25.5,19.5,21.6,21.2,29.5,24.8,12.6,12.6,15,22.1,45.4,263
16-09-2020,53,25.7,19.6,22.1,21.7,28.9,25,1,1,4,20.9,44.3,263
17-09-2020,53,26.6,19.7,22.3,22.2,29.7,25.3,1.5,1.5,3,19.2,37.4,264
18-09-2020,61,26,20.2,22.1,22.3,28.8,25.1,4.2,4.2,9,24.8,49,271
19-09-2020,61,24.2,19.8,21.3,21.1,26.8,23.5,9.9,9.9,15,20.1,50.4,259
20-09-2020,61,23.3,19.9,20.5,20.2,25.3,22.2,12.7,12.7,20,24.2,55.8,252
21-09-2020,61,24.3,19.9,21,20,26.6,22.6,13.2,13.2,23,30.6,59,250
22-09-2020,51,26.4,19.2,22.3,20.4,27,23.1,0.6,0.6,3,30.8,59.8,251
23-09-2020,3,26.3,18.4,22.2,20.1,28.5,24.1,0,0,0,22.3,49,251
24-09-2020,61,26.3,18.5,22,21.2,30.5,25.7,3.2,3.2,9,16,33.1,249
25-09-2020,61,26.8,19.6,22.5,23.3,30.8,26.5,6.6,6.6,10,14.7,28.4,251
26-09-2020,51,24.1,19.4,21.5,22.7,26.7,24.6,0.3,0.3,3,15.5,34.6,262
27-09-2020,3,25.3,19.6,22.1,23.3,28.7,25.7,0,0,0,16.4,37.8,288
28-09-2020,51,26.5,18.9,22.3,22.3,30.7,26.4,0.1,0.1,1,13.9,30.6,305
29-09-2020,63,26.1,19.3,21.5,21.9,29.4,25,14.8,14.8,12,14.7,29.5,299
30-09-2020,61,24.5,19.4,21,21.7,28.3,24.3,7.8,7.8,14,14.4,31.3,275
01-10-2020,51,26.3,19.1,22,21,28.9,25.1,0.6,0.6,4,17.6,37.1,298
02-10-2020,51,26.5,18.3,22.3,22.2,31.5,26.4,0.7,0.7,5,13.2,31,290
03-10-2020,51,26.8,19.2,22.7,23.3,30.2,26,0.4,0.4,2,16.9,35.3,279
04-10-2020,51,25.7,18.7,22.1,21.6,27.1,24.3,0.3,0.3,1,16.7,37.8,280
05-10-2020,51,26.3,18.3,22.2,20.7,29.9,25.4,0.5,0.5,3,15.8,37.1,299
06-10-2020,1,27.4,18.7,23.1,22.7,32.1,27.3,0,0,0,11.2,27.4,309
07-10-2020,51,27.5,19.8,23.2,23.6,31.8,27.3,0.1,0.1,1,13.2,29.5,298
08-10-2020,3,28,18.7,23.3,23.7,32.5,27.9,0,0,0,9.4,23,300
09-10-2020,51,27.4,20.1,23.3,25,32.9,27.5,0.1,0.1,1,6.9,18.7,262
10-10-2020,55,26.4,19.8,22.2,22.7,31.2,25.7,9,9,14,15,28.1,284
11-10-2020,61,23.5,19.4,20.8,22.4,27.2,24.5,17,17,22,17.8,37.1,268
12-10-2020,61,25.5,18.8,20.9,21.3,27.7,24.1,10.6,10.6,17,16.6,42.1,251
13-10-2020,53,23.7,19.3,21.3,20.6,25.9,23.1,3.8,3.8,14,22.3,47.5,262
14-10-2020,51,24.7,19.1,21.3,20.2,25.8,22.3,0.2,0.2,2,28.8,56.5,247
15-10-2020,3,25.6,18.5,21.8,20.7,27.4,23.7,0,0,0,24,47.5,240
16-10-2020,51,25.9,18.7,21.9,21.1,29.8,25.1,0.5,0.5,5,15.1,31.3,245
17-10-2020,2,26.5,17,22.1,21.2,30.8,25.7,0,0,0,8.7,20.5,283
18-10-2020,53,26,19.2,22.5,22.6,29.5,26.2,0.9,0.9,2,9.4,22.7,304
19-10-2020,61,26,19.7,22.2,24,30.1,26.5,8.3,8.3,19,10.5,29.9,301
20-10-2020,61,24.6,19.9,21.6,23.4,28.3,25.4,4,4,10,12.2,30.2,299
21-10-2020,63,23.5,19.3,20.7,22.7,27.8,24.9,16.1,16.1,21,14.6,33.5,299
22-10-2020,53,23.7,19.6,21,22.9,27.6,24.6,3.5,3.5,9,16.2,31.3,257
23-10-2020,53,23.7,19.2,21.1,21.4,25.9,24,2.9,2.9,7,13.3,27.4,252
24-10-2020,63,22.6,17.7,19.8,19.2,27.4,22.9,28,28,15,11.6,20.9,242
25-10-2020,51,26.3,17.8,22,22.3,31.8,26.7,0.3,0.3,3,6.3,16.6,238
26-10-2020,51,26.4,18.4,22.4,22,31,26.5,0.1,0.1,1,7.9,21.6,26
27-10-2020,0,27.1,16.6,21.8,20.6,30.9,25.3,0,0,0,10.5,25.2,45
28-10-2020,1,26.4,16,21.2,19.4,28.8,24.1,0,0,0,13.3,29.5,34
29-10-2020,3,26.1,16.1,20.9,19.1,28,23,0,0,0,13.3,30.2,46
30-10-2020,2,26.3,17.8,21.2,19.2,28.5,23.2,0,0,0,11.3,26.6,56
31-10-2020,2,26.5,16.6,21.5,18.2,31.1,24.9,0,0,0,8.2,22,57
01-11-2020,2,26.5,17.6,22.4,20.7,30.9,26.1,0,0,0,6.6,16.2,64
02-11-2020,51,27.4,18.4,23,21.5,31.5,26.5,0.1,0.1,1,8,18,77
03-11-2020,2,27.3,18.4,22.9,21.9,30.5,26.4,0,0,0,12.1,28.8,72
04-11-2020,51,26.5,18.1,22.4,22.3,30.1,26.3,1.2,1.2,7,9.4,23.8,62
05-11-2020,61,27.3,19.5,22.3,23.4,30.9,26.1,5,5,6,12.9,31.7,72
06-11-2020,51,25.8,19.5,22.2,23.1,29.9,26,0.2,0.2,2,16.6,37.1,90
07-11-2020,61,25.8,19.6,21.8,23.4,29.9,25.8,2.7,2.7,7,13.7,31.7,71
08-11-2020,3,25.8,19.3,21.9,22.3,27.8,24.9,0,0,0,18.2,39.2,72
09-11-2020,3,26.2,17.3,21.3,19.6,29.1,24.3,0,0,0,14,31.3,35
10-11-2020,1,25.3,14.1,19.4,15.8,27,20.7,0,0,0,12.3,25.9,53
11-11-2020,1,26.7,13.5,20.2,14.9,28.4,21.9,0,0,0,13.8,30.6,55
12-11-2020,51,25.9,18.6,22,21.1,28.6,24.8,0.4,0.4,3,18.1,34.6,51
13-11-2020,61,25,19.5,21.7,22.7,28.2,24.8,4,4,5,15.5,33.1,78
14-11-2020,51,26,19,22,21.9,28.1,24.5,0.6,0.6,2,18.5,39.6,73
15-11-2020,53,24.3,17.8,20.9,20.4,26.8,23.6,4.1,4.1,12,18.2,41,54
16-11-2020,61,23.9,19.9,21.1,22.2,27,24,6.8,6.8,16,17.3,36.7,83
17-11-2020,53,24.9,19.1,21.2,21.5,27.7,23.6,2.4,2.4,9,21.6,47.2,94
18-11-2020,51,25.2,18.7,21.5,21.3,27.8,24.1,0.1,0.1,1,17.4,36,104
19-11-2020,51,25.8,18.6,21.4,21.6,28.2,24.4,0.1,0.1,1,17.5,34.9,104
20-11-2020,3,26.1,17.2,21.2,20,28.7,24,0,0,0,13.6,31.7,101
21-11-2020,0,26,13.8,19.5,17.4,26.8,21.4,0,0,0,12.6,27.4,69
22-11-2020,2,26.1,12.5,19.4,13.5,26.8,20.4,0,0,0,16.7,36.4,70
23-11-2020,3,26,15.3,20.4,17.1,26.7,22.5,0,0,0,20.2,41.4,58
24-11-2020,3,24.7,17.6,20.7,19.9,25.4,22.7,0,0,0,17.3,37.1,38
25-11-2020,53,24.4,17.3,20.3,19,23.8,21.5,0.6,0.6,2,24,47.9,19
26-11-2020,53,19.6,18.3,19,19.1,22,20.6,6.6,6.6,17,20.2,41.8,330
27-11-2020,3,21.8,15.9,18.8,17.6,23,20.2,0,0,0,21.4,37.8,340
28-11-2020,51,24,13.8,19.4,17.6,26.7,22.2,0.7,0.7,4,13.2,28.8,99
29-11-2020,51,24.6,18.7,20.9,21.1,25.7,23.2,0.9,0.9,6,15.5,30.6,79
30-11-2020,3,24.9,17.7,20.7,19.8,26.3,22.9,0,0,0,16.2,33.1,62
01-12-2020,1,24.6,15,19.5,17.4,24.7,20.5,0,0,0,17.9,38.9,56
02-12-2020,3,25.1,15.8,20,16.5,26.3,21.1,0,0,0,16.4,35.3,41
03-12-2020,63,20.3,17.7,18.6,18.4,21.7,20.2,30.1,30.1,16,18.6,37.8,27
04-12-2020,61,22.8,18.8,19.9,20.5,23.7,21.9,7,7,19,20.1,43.2,42
05-12-2020,63,24,19.1,20.7,21.4,25.5,22.7,5.2,5.2,8,19.1,40.7,44
06-12-2020,51,24.1,18.8,20.9,19.8,26.2,22.5,0.5,0.5,4,22.3,44.6,54
07-12-2020,53,25,19.4,21.2,21.2,26.4,23.2,1.8,1.8,6,22.8,43.6,76
08-12-2020,63,24.4,18.9,20.8,21.1,26.9,23.1,10.8,10.8,16,22.8,44.3,94
09-12-2020,51,24.6,18.6,20.7,21.2,26.7,23.2,1,1,5,15.5,30.6,95
10-12-2020,3,24.8,16.3,20.1,18.9,26.2,21.9,0,0,0,9.7,24.8,106
11-12-2020,2,25.2,14.9,19,17.5,27.6,21.4,0,0,0,10.6,20.9,89
12-12-2020,3,24.5,13.7,18.3,16.3,27.1,20.8,0,0,0,8.8,20.2,104
13-12-2020,3,24.7,13,18.4,16.5,28,21.5,0,0,0,8.9,20.2,94
14-12-2020,2,24.6,14.3,18.6,16.8,28.1,21.3,0,0,0,11.6,25.2,99
15-12-2020,3,24.4,15.6,19.4,16.9,26.7,21,0,0,0,11.9,28.8,85
16-12-2020,51,23.6,17,20.2,18.9,25.8,22.1,0.3,0.3,2,15.5,34.9,74
17-12-2020,51,23.4,19,20.7,20.4,25.8,23,0.4,0.4,3,16.1,32.4,70
18-12-2020,3,25,17.3,20.5,19,26.8,22,0,0,0,17,37.1,71
19-12-2020,3,24.6,16.2,19.9,17.5,25,20.9,0,0,0,20.3,41.8,78
20-12-2020,3,24.1,16.5,19.9,18.5,24.5,20.9,0,0,0,17.9,38.9,74
21-12-2020,3,23.7,14.1,18.2,15.3,24.9,19.2,0,0,0,15.3,33.5,73
22-12-2020,3,24.5,12.4,18,13.9,26.2,19.4,0,0,0,10.5,26.6,87
23-12-2020,3,25.3,14.3,19.2,16.2,27.8,21.5,0,0,0,11,23,92
24-12-2020,3,26.1,15,19.9,17.2,28.7,22.3,0,0,0,11.7,22.3,89
25-12-2020,3,25.8,15.4,19.4,17,27.8,21.2,0,0,0,12,22.7,83
26-12-2020,3,25.1,13.5,18.5,15.6,26.3,20.2,0,0,0,10.8,24.8,75
27-12-2020,3,26.6,15,19.6,15.6,27.5,20.7,0,0,0,10.3,25.6,68
28-12-2020,3,25.9,14.4,19.1,16.7,25.9,20.2,0,0,0,10.8,26.6,68
29-12-2020,3,26.2,14.4,19.9,15.3,28.1,21.9,0,0,0,12.6,25.2,92
30-12-2020,3,27,17.9,21.4,20.4,29.8,23.4,0,0,0,16.6,35.3,93
31-12-2020,3,23.2,17.2,20.2,19.1,24.8,21.9,0,0,0,20.1,38.9,75
01-01-2021,3,24.5,15.7,19.4,17.9,24.9,20.4,0,0,0,16.9,37.8,82
02-01-2021,51,25.3,13.7,19.1,16.2,25,20.6,0.5,0.5,2,17.7,37.4,85
03-01-2021,51,24.5,16.7,20.4,18.6,25.7,22.2,0.2,0.2,2,18.5,37.8,103
04-01-2021,3,23.7,18.2,20.7,19.9,24.8,22.4,0,0,0,18,39.2,100
05-01-2021,51,22.8,17.7,20.1,20.1,26.4,22.8,0.6,0.6,3,15.3,33.1,100
06-01-2021,61,23,19.1,20.4,21.4,26.2,23.3,9,9,16,13.9,33.1,102
07-01-2021,63,24.5,19.1,20.8,21.2,26.2,23.3,27.4,27.4,12,18.1,36.4,104
08-01-2021,51,25,19.3,21.3,22.3,28.6,24.5,1.4,1.4,6,12.7,29.2,112
09-01-2021,3,25.3,18.9,21.6,21.8,26.7,23.8,0,0,0,13.9,29.9,102
10-01-2021,3,24.3,17.9,21,20.5,26.9,23.7,0,0,0,13.8,30.2,93
11-01-2021,51,24.7,18.5,20.8,20.9,25.6,23,0.8,0.8,4,14.9,32.4,68
12-01-2021,3,23.3,17.2,19.8,18.3,23.4,20.7,0,0,0,17.1,34.9,58
13-01-2021,2,25.6,16.5,20.4,17.9,26.2,21.6,0,0,0,18.8,40.3,73
14-01-2021,3,25,14.7,19.9,17,25.5,21.4,0,0,0,17.5,37.4,87
15-01-2021,3,25.5,16.6,20.7,18.8,26.9,22.5,0,0,0,13,31.7,108
16-01-2021,3,26.2,17.1,21,19.6,28.4,23.4,0,0,0,10.4,23.8,116
17-01-2021,3,26.4,15.6,20.1,18.3,29.3,22.6,0,0,0,12.8,24.5,102
18-01-2021,1,25.5,12.8,18.7,15.2,27.3,20.7,0,0,0,11.5,28.4,91
19-01-2021,3,25.1,14.1,18.9,17.1,28.2,22,0,0,0,8.7,22.7,79
20-01-2021,1,26.8,13,20,17.2,29.7,23.1,0,0,0,8.8,20.9,79
21-01-2021,3,27.2,15.1,21,18.3,31.2,24.7,0,0,0,8.4,18,100
22-01-2021,51,27,19.1,22.1,21.3,29.8,24.9,1,1,6,10.5,24.8,97
23-01-2021,3,27,17.3,21.3,19.6,29,23.3,0,0,0,12,27.4,88
24-01-2021,3,27,14,19.9,17.6,28.1,21.8,0,0,0,10.5,25.9,82
25-01-2021,2,26.4,13.2,19.4,15.7,27.4,21.2,0,0,0,10,25.6,103
26-01-2021,2,27.6,11.9,19.5,15.8,27.4,20.6,0,0,0,11.6,29.9,83
27-01-2021,3,27.2,12.3,19.6,16,27.4,20.7,0,0,0,12.7,29.2,92
28-01-2021,3,26,14.9,19.6,16.1,27.1,20.7,0,0,0,13.2,30.2,95
29-01-2021,3,26.6,15.1,20.4,17.3,28.4,21.9,0,0,0,14.1,28.1,101
30-01-2021,3,28.1,16.4,21.6,18.4,29.9,23.1,0,0,0,13.4,31.7,91
31-01-2021,2,27.7,15.8,21.4,17.6,29,22.3,0,0,0,14.6,31.7,99
01-02-2021,0,27.4,15.1,21,17.2,28.4,21.6,0,0,0,14.4,34.6,79
02-02-2021,2,26.8,15.4,20.7,16.7,27.4,21.6,0,0,0,15.2,35.3,89
03-02-2021,3,26.4,16.7,20.8,18.2,27.3,21.9,0,0,0,15.1,33.1,98
04-02-2021,1,27,14.2,20.4,15.5,28.2,20.9,0,0,0,13,29.2,93
05-02-2021,1,27.9,13.6,20.5,15.3,29.2,21.3,0,0,0,13.8,24.5,71
06-02-2021,3,28.1,13.7,20.6,15.1,28.4,20.7,0,0,0,14.2,28.8,79
07-02-2021,0,27.5,14.5,20.5,15.2,26.3,19.5,0,0,0,17.4,37.8,74
08-02-2021,1,27.3,14.1,20.2,14.4,27,19.9,0,0,0,18.7,39.6,80
09-02-2021,2,26.2,14,19.6,15.5,26.7,20.4,0,0,0,14.8,34.9,90
10-02-2021,2,27.6,11.6,19.7,14.2,26.6,19.6,0,0,0,11.2,28.8,88
11-02-2021,3,28,12.2,20,14.5,27.8,20.2,0,0,0,14.1,30.2,86
12-02-2021,1,28.5,11.8,19.9,14.6,27.6,19.9,0,0,0,13.8,25.2,85
13-02-2021,2,28.1,12.2,20,14.8,28.3,20.2,0,0,0,12.8,24.5,89
14-02-2021,0,28.7,12.6,20.9,15.5,29.4,21.6,0,0,0,14,22.7,73
15-02-2021,1,29.5,14.6,22,17.1,31.9,23.8,0,0,0,14.9,27,84
16-02-2021,1,29.2,15.7,22.5,18,31.7,23.7,0,0,0,15,29.9,109
17-02-2021,1,29.1,16.3,22.5,18.4,30.7,23.5,0,0,0,17.5,32.8,104
18-02-2021,3,27.9,16.3,21.6,17.5,29.5,22.5,0,0,0,15.5,30.2,114
19-02-2021,51,27.5,16.5,21.5,18.4,28.2,22.2,0.6,0.6,3,13.9,27.7,84
20-02-2021,53,25.2,17.3,19.8,18.3,27.7,21.6,5,5,13,17.8,35.3,75
21-02-2021,53,23.7,16.9,19.8,19.4,25.3,22.1,1.4,1.4,4,14.2,36,94
22-02-2021,51,25.8,17.5,21,19.1,28.3,23.5,0.1,0.1,1,12.9,31.3,92
23-02-2021,2,28.4,16.2,22.3,19.7,29.6,24.1,0,0,0,11.9,29.9,92
24-02-2021,2,29.4,16.4,22.6,18.7,31.2,24,0,0,0,11.9,25.9,95
25-02-2021,0,30.6,15.9,23.4,17.8,31.9,24.5,0,0,0,9.4,24.5,57
26-02-2021,0,31.4,16.3,23.9,17.9,32,24.7,0,0,0,9.9,26.3,65
27-02-2021,0,31.9,17.1,24.7,18.8,33.4,25.3,0,0,0,11.3,22.7,90
28-02-2021,0,31.6,17.7,24.6,19.2,31.9,24.4,0,0,0,15.6,33.8,104
01-03-2021,0,31.5,15.9,23.9,17.2,30.8,23.3,0,0,0,14,30.6,102
02-03-2021,1,31.3,16.9,24,17.8,29.4,23.5,0,0,0,17.9,39.6,103
03-03-2021,0,31.1,16.3,23.8,17.7,29.4,22.8,0,0,0,19.8,43.6,97
04-03-2021,0,29.9,15.2,22.7,16.9,27.9,21.9,0,0,0,18.8,41.8,96
05-03-2021,0,30.8,13.4,22.6,16.3,30,22.8,0,0,0,12.1,25.9,104
06-03-2021,0,32.7,16.1,24.2,18.3,31.9,24.8,0,0,0,12.7,28.1,77
07-03-2021,0,32.5,15.7,24.6,18.5,32.4,25,0,0,0,14.9,27.7,98
08-03-2021,0,31.3,16.7,24,20,31,24.5,0,0,0,15.9,30.2,109
09-03-2021,0,31,15.8,23.8,19.4,31,24.6,0,0,0,16.7,28.8,115
10-03-2021,2,31.1,17.1,24.2,20.5,33.1,26,0,0,0,16.1,31.3,112
11-03-2021,2,31.1,19.6,24.8,21.8,32.9,26.4,0,0,0,15,31.3,134
12-03-2021,1,31,17.8,24.2,19.9,31.2,24.3,0,0,0,15.2,28.1,119
13-03-2021,0,31.4,15.8,23.9,18,31.9,24.1,0,0,0,17.2,31.7,124
14-03-2021,0,31.6,17.1,24.3,18.8,31.2,24.3,0,0,0,15.7,34.9,112
15-03-2021,0,31.7,17.4,24.8,18.4,32.2,24.7,0,0,0,14.2,28.4,115
16-03-2021,0,32.4,18.1,25.3,19.2,33.5,25.5,0,0,0,15.3,31.3,103
17-03-2021,1,32.5,17,25.2,19.8,32.1,25.2,0,0,0,16.5,31,113
18-03-2021,1,32.5,17.2,25.1,20.6,31,25.2,0,0,0,15.2,35.6,103
19-03-2021,1,32.5,16.7,24.6,18.2,32.9,24.4,0,0,0,15.2,27,104
20-03-2021,0,31.7,16.5,24.6,19.2,32.8,25.2,0,0,0,14.5,28.1,143
21-03-2021,0,32.5,17.8,25.3,19.6,33.2,25.3,0,0,0,15.3,28.1,121
22-03-2021,0,33.1,17.6,25.6,19.7,31.8,25.1,0,0,0,15.3,31.7,107
23-03-2021,0,33.2,18.1,25.7,20.5,33.9,26.5,0,0,0,14.7,29.2,121
24-03-2021,1,33.3,18.4,26.1,21.6,33.6,26.9,0,0,0,14.5,34.2,109
25-03-2021,2,33.8,18.2,26.4,22.1,33.3,27.1,0,0,0,17.3,37.4,99
26-03-2021,1,34.1,19,26.7,21.3,33.4,26.6,0,0,0,15.9,35.3,98
27-03-2021,1,34.1,18.6,26.7,21.8,34,27.4,0,0,0,15.1,34.2,111
28-03-2021,1,33,19.1,26.4,22.5,33.6,27.4,0,0,0,12,28.4,122
29-03-2021,1,34.1,19.4,27.1,22.5,34.6,27.9,0,0,0,11.4,26.6,112
30-03-2021,3,33.5,20.4,27.1,23.1,35.3,28.8,0,0,0,13.7,29.9,299
31-03-2021,2,34.9,20.8,28.6,25,36.4,29.6,0,0,0,12.1,30.6,332
01-04-2021,1,34.7,20.2,27.5,23.8,35.3,28.4,0,0,0,15.6,36.4,302
02-04-2021,0,34.4,19.8,27.1,23.3,35.4,28.4,0,0,0,14.8,28.8,289
03-04-2021,1,32.8,20,26.8,22.7,36.2,29,0,0,0,13.4,27.7,253
04-04-2021,2,33.4,20.8,27.2,24.1,35.1,28.8,0,0,0,12.1,28.8,339
05-04-2021,1,33.4,21.7,27.8,24.5,33.5,28.2,0,0,0,14.5,32.8,77
06-04-2021,1,34,19.5,26.8,24.3,34.5,28.3,0,0,0,15.3,32,110
07-04-2021,1,34.2,19.2,26.7,22.6,33.7,27.2,0,0,0,15.2,34.2,111
08-04-2021,1,33.6,18.9,26.5,19.9,34.6,27.1,0,0,0,10.8,21.6,149
09-04-2021,2,33.5,19.2,26.5,21.1,33.9,27,0,0,0,13.6,28.4,131
10-04-2021,0,33.2,19,26.1,21.2,34,27.1,0,0,0,12.8,28.8,117
11-04-2021,1,32.6,19.3,25.8,22.5,33.9,27.9,0,0,0,15,32,122
12-04-2021,1,32.7,20.6,26.1,24.1,33.3,28.4,0,0,0,17,34.6,117
13-04-2021,2,32.7,20.4,26.3,24.6,33.5,28.6,0,0,0,14.5,29.5,131
14-04-2021,63,30.6,21.4,24.9,24.7,33.8,28.2,7.4,7.4,6,11.6,25.2,169
15-04-2021,63,28.6,20.4,23.4,22.4,33.7,26.9,13.4,13.4,11,8.7,22.7,241
16-04-2021,3,30,19.4,24.7,23.1,33.8,27.9,0,0,0,12.9,27.7,312
17-04-2021,1,30.9,20,26,24.3,34,29.2,0,0,0,14.4,26.6,203
18-04-2021,51,30.9,20.7,25.9,24.9,35,29.1,0.1,0.1,1,9.9,28.1,195
19-04-2021,2,31.1,20.9,26.1,24.7,34.9,29.5,0,0,0,10.4,26.3,285
20-04-2021,61,30.9,21.9,25.3,25.3,34.3,28.5,4.2,4.2,6,10.2,26.6,283
21-04-2021,61,31.7,20.5,25,24.4,35.8,28.9,4.7,4.7,7,8.1,22,289
22-04-2021,63,31.2,21.2,25.1,24.9,35.2,28.6,9.8,9.8,7,7.1,23.8,317
23-04-2021,65,30.1,20.5,24.2,23.4,33.9,28,18.9,18.9,11,8.6,21.6,293
24-04-2021,63,29.7,20.7,23.7,24.1,35.2,28.1,20.8,20.8,9,7.6,23.4,205
25-04-2021,2,29.9,20.4,25.2,24.9,33.9,29.1,0,0,0,7.4,24.1,136
26-04-2021,1,30.9,20.6,25.6,25.4,34.9,29.6,0,0,0,8.7,20.5,127
27-04-2021,1,30.9,20.1,25.4,23.6,34.8,28.7,0,0,0,9.5,22.7,84
28-04-2021,1,31.6,19.5,25.6,22.5,35.8,29.3,0,0,0,7.7,20.2,358
29-04-2021,53,31,20.7,25.3,24.4,36.3,29.2,2.2,2.2,5,11.8,29.2,338
30-04-2021,51,31.1,19.8,25.2,22.6,34.1,28.2,0.1,0.1,1,8.7,28.4,86
01-05-2021,1,31.4,20.7,25.8,23.9,33.8,28.3,0,0,0,13.8,27,120
02-05-2021,1,31.1,20.4,25.8,24.6,33.2,28.8,0,0,0,13,25.6,124
03-05-2021,51,30.1,21.1,25.4,24.5,34.7,29.6,0.6,0.6,3,11.1,24.1,131
04-05-2021,51,30.3,21.5,25.3,25.5,34.3,29.6,0.6,0.6,6,6,23.4,172
05-05-2021,1,32.1,20.8,26.6,24.9,35.7,30,0,0,0,12.5,27,125
06-05-2021,1,32.3,21.1,26.7,24.8,35.3,29.6,0,0,0,11.7,31.3,142
07-05-2021,51,31.2,21.8,26.1,25.2,34.7,29.7,0.2,0.2,1,13.8,24.1,134
08-05-2021,2,32.1,21.5,26.6,25.8,34.6,29.5,0,0,0,14.4,27.7,127
09-05-2021,51,32,21.2,26.6,25.1,36.1,30.6,0.1,0.1,1,11.6,27.7,137
10-05-2021,53,31.8,22.3,26.3,26.4,36.4,30.8,1.7,1.7,5,8.2,20.9,168
11-05-2021,53,31.5,21.4,26.2,27,37.2,30.9,1.7,1.7,5,10.6,23,283
12-05-2021,55,30.7,21.8,26.1,26.1,35.2,30,3,3,5,8,21.6,327
13-05-2021,61,31.4,21.5,25.8,24.7,35.8,29.4,2.9,2.9,4,8,23.8,262
14-05-2021,51,32.4,21.4,25.9,24.9,35.1,28.8,0.3,0.3,1,17.7,40,165
15-05-2021,61,24.2,20.8,22.5,23.8,27.4,25.4,10.5,10.5,14,22.5,38.9,161
16-05-2021,61,24.9,20.8,22,22.8,28.3,25.7,7.2,7.2,12,16.9,45,184
17-05-2021,55,29.3,20.3,24,23.1,33.6,27.7,1.6,1.6,3,14.9,35.6,221
18-05-2021,63,29.9,20.4,24.3,23.6,34.8,28.1,3.6,3.6,3,15.8,39.6,227
19-05-2021,63,29.7,20.2,24.5,24,34.9,28.7,4.5,4.5,3,14.5,34.9,232
20-05-2021,63,28.3,20.5,23.5,24.5,32.3,27.3,8.6,8.6,5,17,36.4,256
21-05-2021,63,27.1,20.2,22.5,23.7,30.9,26,11.8,11.8,18,15.8,33.5,250
22-05-2021,53,27.6,19.9,23.1,23.1,32.9,27.3,1.9,1.9,6,13,32.8,270
23-05-2021,3,29.2,20.9,24.7,23.5,32.8,27.9,0,0,0,16.3,34.6,274
24-05-2021,3,29.5,21,24.9,24.1,31.3,27.4,0,0,0,21.3,43.9,290
25-05-2021,63,28.8,21.1,23.9,22.9,33.7,27,5.9,5.9,3,18.8,40.7,268
26-05-2021,51,29.1,20.7,24,22.1,31.8,26.4,0.2,0.2,1,21.3,41,265
27-05-2021,3,29.5,20.6,24.5,21.6,30.6,26.1,0,0,0,22.6,47.2,279
28-05-2021,2,30.1,18.8,24.3,21.5,32.2,27.1,0,0,0,20.5,39.2,280
29-05-2021,2,29.6,20.2,24.4,23.3,32.9,27.3,0,0,0,15.9,33.1,261
30-05-2021,51,29.3,20.3,24.2,23,31.9,27.2,0.9,0.9,4,17,36,273
31-05-2021,51,30.4,20.6,24.8,22.9,34.6,28.1,1.2,1.2,5,15.8,35.6,258
01-06-2021,53,30.5,20.6,25,23.3,35.1,28.4,1.8,1.8,5,15.3,32.4,258
02-06-2021,61,30.7,21.3,25.3,25.1,35.7,29.5,4.5,4.5,6,10.5,25.2,267
03-06-2021,61,28.8,21.2,24.5,25.1,34.4,29.1,9.3,9.3,10,7.2,22.7,277
04-06-2021,63,29.2,21.2,23.9,24.9,35,28.1,13.5,13.5,11,9.1,23.8,235
05-06-2021,63,27.9,20.8,23.1,24.3,33.8,27,12.5,12.5,16,14.8,36.4,231
06-06-2021,53,27.3,20.1,23.4,23.1,32.4,27.3,0.5,0.5,1,13.9,31.7,256
07-06-2021,3,29.2,19.8,24.4,23.7,32.1,27.9,0,0,0,15,32.8,281
08-06-2021,1,29.4,19.6,24.4,23.2,32.2,27.3,0,0,0,13.9,31.7,280
09-06-2021,53,28.4,19.6,23.5,21.9,31.4,25.7,1,1,3,20.6,44.6,270
10-06-2021,3,27.5,20.2,23.6,21.9,28.1,25.2,0,0,0,21.9,44.6,271
11-06-2021,3,27.5,20,23.4,21.7,27.8,24.8,0,0,0,26,51.5,265
12-06-2021,61,26.3,20.5,22.4,22.1,28.1,24.2,8.9,8.9,13,26.8,60.5,260
13-06-2021,53,24.6,20.3,21.8,22.5,27.8,24.2,3.7,3.7,11,25.6,60.5,262
14-06-2021,55,24.3,20.1,21.7,21.5,26.8,23.5,4,4,14,30.1,64.8,256
15-06-2021,55,26,20,22.2,20.6,27.2,24,4.8,4.8,11,30.7,60.5,254
16-06-2021,51,25.9,20.4,22.7,21.9,25.7,23.9,0.9,0.9,6,32.3,67.7,254
17-06-2021,3,26.6,20.5,23,21.7,26.6,24.1,0,0,0,30.2,60.5,258
18-06-2021,3,26.8,20.6,23.1,21.5,26.7,24.1,0,0,0,30.1,59.8,252
19-06-2021,53,26,20.2,22.6,21.8,26.7,23.9,0.5,0.5,1,29,53.6,258
20-06-2021,51,27.4,20.1,23.1,21.8,29.7,25.3,0.4,0.4,2,24.8,51.1,267
21-06-2021,53,28.6,19.6,23.4,22,32.2,26.3,2.2,2.2,3,20.9,43.6,272
22-06-2021,3,28.3,19.6,23.8,22.2,29.9,26.1,0,0,0,17.6,41.4,288
23-06-2021,2,28.7,20.3,24.5,23,31.4,27,0,0,0,13.3,30.2,282
24-06-2021,3,27.9,20.4,24,22.7,28.7,25.4,0,0,0,18.7,43.6,275
25-06-2021,3,29,19.7,24,21.5,29.2,25.2,0,0,0,22.5,46.1,279
26-06-2021,53,27.3,19.6,22.7,21.5,28.1,24.1,2,2,7,22.2,45,274
27-06-2021,53,23.9,19.7,21.5,21.2,27.1,24,5.3,5.3,13,22,43.2,299
28-06-2021,3,27.4,19.4,23.6,22.4,30.6,26.4,0,0,0,9.4,27.4,267
29-06-2021,3,30.1,18.9,24.9,23,34.4,28.3,0,0,0,8.5,23.8,245
30-06-2021,3,30.3,21.2,26,24.9,34.7,29.8,0,0,0,9.5,27,265
01-07-2021,61,29.3,21.2,24.7,25.7,32.9,28.2,6.7,6.7,7,12.7,28.1,261
02-07-2021,55,29.1,20.4,23.8,24.1,32.3,27.4,4.2,4.2,9,15.7,36.7,268
03-07-2021,61,29,20.4,23.8,23.7,32.9,27.6,2.9,2.9,4,14,31.7,271
04-07-2021,63,28.7,20.7,23.8,24.1,32.5,27.4,9.4,9.4,8,13.6,32.4,291
05-07-2021,53,28.8,20.3,23.6,23,31.4,27,5,5,10,14.8,34.2,295
06-07-2021,61,29.1,20.2,24.2,23.8,33.3,28.5,6.1,6.1,6,9.4,23.8,275
07-07-2021,61,27.9,20.1,23.8,25.1,32.7,28.1,3,3,4,11.5,27.4,265
08-07-2021,51,27.7,20.4,23.5,23.7,31.5,27.2,0.9,0.9,4,15,29.9,280
09-07-2021,61,27.5,20.2,22.7,23.3,30.9,26.2,7.7,7.7,16,15.9,35.3,266
10-07-2021,61,23.9,19.7,21.1,21.5,26.5,23.8,12.6,12.6,21,23.4,51.1,253
11-07-2021,55,25.7,19.6,22,20,25.7,23.2,3.1,3.1,10,28.9,59,266
12-07-2021,53,25.5,19.6,21.8,21.8,26.6,23.9,3.7,3.7,14,26.7,66.6,262
13-07-2021,55,22.8,19.7,21.1,22.4,25.5,23.5,12.1,12.1,23,21.3,52.9,264
14-07-2021,61,23.1,19.8,20.9,21.2,25.6,22.9,15.2,15.2,19,24.1,48.2,265
15-07-2021,61,23.7,19.4,20.8,20.4,24.1,22.3,20.4,20.4,24,26.4,53.6,259
16-07-2021,61,21.9,19.7,20.6,22,28.4,24.7,25.8,25.8,20,17.1,37.1,248
17-07-2021,61,25.4,19.5,22,22.1,28.8,24.8,4.3,4.3,13,20.1,42.1,268
18-07-2021,55,23.1,19.6,21.1,21.2,24.5,22.8,9.3,9.3,23,22.9,46.8,262
19-07-2021,53,26.3,19.3,22.3,21.7,27.3,24,4,4,13,26.3,57.2,270
20-07-2021,53,27.3,20.1,22.7,21.5,28.6,24.4,0.8,0.8,4,26.7,64.4,272
21-07-2021,61,24.7,19.9,21.5,21.2,25.8,23,5.9,5.9,13,28.2,68.4,271
22-07-2021,61,21.9,19.4,20.3,20.4,23.9,21.9,11.7,11.7,22,33.5,62.6,263
23-07-2021,61,24.8,19.4,21.5,20.3,26.7,23.6,8.3,8.3,15,23.1,63.4,268
24-07-2021,61,26.9,20,22.1,21.5,29.8,25,6,6,13,24.3,53.3,267
25-07-2021,51,27,20.8,23.3,22.9,29.2,25.3,0.7,0.7,5,24.1,49,265
26-07-2021,3,25.9,20.5,22.9,22.9,28.7,25.4,0,0,0,25.3,49.7,265
27-07-2021,3,26.1,19.9,22.7,22.4,27.7,24.7,0,0,0,24.1,48.6,261
28-07-2021,51,26.6,19.6,22.6,22.1,28.7,24.8,0.2,0.2,1,23.8,47.5,262
29-07-2021,51,25.9,19.1,22.2,21.2,27.2,23.8,0.1,0.1,1,27,53.3,265
30-07-2021,3,26.4,19.7,22.6,21.3,27.8,24.2,0,0,0,26.6,51.5,271
31-07-2021,61,26.2,20,22.4,21.5,27.4,24.2,3.9,3.9,7,25.7,54.4,278
01-08-2021,51,26.3,19.6,22.8,21.1,27.5,23.8,0.2,0.2,2,27.3,53.3,277
02-08-2021,3,26.4,19.7,22.6,21.4,27.9,24,0,0,0,24.9,50,264
03-08-2021,51,26.1,19.1,22.5,20.9,27.1,23.9,0.2,0.2,2,25.3,47.2,270
04-08-2021,51,25.2,20.1,22.4,22,27.1,24.3,1.9,1.9,9,23,52.2,273
05-08-2021,61,26.1,20.1,22.4,21.7,27.4,24.3,3.9,3.9,9,24.9,55.8,269
06-08-2021,53,27,20.4,22.6,22.1,28.7,24.8,3.1,3.1,10,23.9,48.2,274
07-08-2021,53,27.2,20.6,22.9,22.6,30.4,25.6,3.2,3.2,11,21,42.1,272
08-08-2021,51,27.4,20.1,23.2,23,32.1,26.9,0.7,0.7,5,15.1,32.4,270
09-08-2021,53,28.1,19.6,23.6,24,32.6,27.6,1,1,2,12.3,24.5,271
10-08-2021,51,26.2,20.4,23.3,23.6,29.2,25.9,0.6,0.6,3,15.7,37.1,280
11-08-2021,61,27.3,19.5,22.8,22.6,30.5,25.9,2.8,2.8,4,18.2,38.5,291
12-08-2021,61,25,19.9,21.8,22.7,27.6,24.3,6.6,6.6,10,20.3,41.4,284
13-08-2021,63,26.1,19,21.5,21.7,27.8,24.2,14.7,14.7,13,19.3,43.9,289
14-08-2021,55,26,19.5,22,21.7,28.5,24.3,2.4,2.4,6,19.9,43.2,279
15-08-2021,51,25,19.7,21.9,21.5,27.8,24.1,0.4,0.4,3,20.2,41,277
16-08-2021,53,25.4,19.7,21.7,21.8,28.2,24.6,4.6,4.6,11,17.6,39.6,274
17-08-2021,53,24.8,19.1,21.3,21.8,27.9,24.4,4.8,4.8,15,15.2,34.2,258
18-08-2021,51,27,19.4,22.2,21.9,31.1,25,2.2,2.2,9,18,36.4,259
19-08-2021,61,25.8,19.3,21.8,21.2,27.6,24.4,4.6,4.6,11,20.9,42.1,268
20-08-2021,3,26.1,19.6,22.4,22.4,29.6,25.5,0,0,0,13.8,31.3,274
21-08-2021,61,26.3,19.7,22.3,23.7,29.3,25.8,6.5,6.5,8,8.7,25.2,269
22-08-2021,63,25.9,18.7,22,22.2,30.4,25.8,19.1,19.1,11,6.1,19.1,273
23-08-2021,63,26.3,18.7,22.2,22.5,29.9,26.2,12.5,12.5,13,7.7,21.6,271
24-08-2021,55,27.2,19.3,22.5,22.8,32.8,27.2,4.4,4.4,10,9.9,24.5,265
25-08-2021,3,25.4,19.7,22.4,23.1,29.9,26.2,0,0,0,12.2,26.3,267
26-08-2021,63,27.2,19.3,22.8,22.8,31.5,26.4,8.6,8.6,6,12.9,28.8,258
27-08-2021,61,26.7,20,22.4,23.3,29.6,25.7,6.5,6.5,7,15.4,31.7,259
28-08-2021,61,24.3,20,21.5,22.4,26.7,24.2,10.3,10.3,23,18.6,36.7,258
29-08-2021,63,23.7,19.4,20.8,21.2,26.5,23.5,16.1,16.1,17,18.9,40.7,260
30-08-2021,63,26.2,19.5,21.6,20.6,27.4,23.8,4.8,4.8,11,23.1,51.5,266
31-08-2021,3,26.5,19.2,22.5,21.5,29.6,25.3,0,0,0,15.9,32.8,273
01-09-2021,51,26.4,19.5,23,23.2,30,26.2,0.3,0.3,2,12.3,27,272
02-09-2021,63,25.6,19.4,22,22.9,28.5,25.3,15.9,15.9,11,15.4,34.6,281
03-09-2021,55,22.9,19.5,20.8,22.4,28.2,24.8,12.7,12.7,24,11.7,29.9,269
04-09-2021,61,23.7,19.5,21,22,27.9,24.5,10.7,10.7,18,18.4,40.7,266
05-09-2021,63,26,19.6,21.3,22.3,28.5,24.2,17.4,17.4,17,19.8,46.8,263
06-09-2021,53,23.8,19.5,21.1,21.2,27.1,23.6,4.6,4.6,14,23.8,47.2,265
07-09-2021,55,25.1,19.3,21.5,20.9,25.8,23.1,5.5,5.5,14,24.9,54.7,255
08-09-2021,51,25.9,20,22.3,20.9,27.4,24,0.5,0.5,3,25.1,48.6,249
09-09-2021,51,26.6,19,22.5,21.6,29.5,25.3,0.1,0.1,1,22.4,43.2,263
10-09-2021,3,26.4,19.8,22.7,22,28.8,25.3,0,0,0,22.4,44.3,272
11-09-2021,51,26.6,19.1,22.3,21.8,30.6,25,0.6,0.6,3,21.4,46.1,257
12-09-2021,63,26.7,20.5,22.5,22.7,29.4,25.1,7,7,10,25.1,56.2,252
13-09-2021,51,25.9,20,22.5,21.9,27.6,24.3,0.4,0.4,4,27.4,53.6,253
14-09-2021,51,26.3,20.6,23.1,22.9,29.2,25.6,0.2,0.2,2,22.5,45.4,256
15-09-2021,51,26.9,19.8,22.8,23,29.9,25.9,0.3,0.3,3,17.4,37.8,249
16-09-2021,3,26.5,19.1,22.6,21.7,30.6,26.2,0,0,0,17,34.6,265
17-09-2021,2,27.5,19.1,23.2,23.5,31.4,27,0,0,0,13.6,29.9,286
18-09-2021,2,27.5,19,23.1,22.3,31.7,27.2,0,0,0,10.2,22.7,299
19-09-2021,51,27.8,19.1,23.4,23.4,34.1,28.5,0.4,0.4,3,7.9,19.1,327
20-09-2021,51,27.3,19.1,23.4,23,32,26.9,0.3,0.3,3,9.7,23.8,282
21-09-2021,51,27.2,19.5,23.2,23,29.8,26,0.1,0.1,1,15.4,34.2,284
22-09-2021,51,26.5,20.2,23,22.6,29.1,25.4,0.2,0.2,2,17.9,38.2,287
23-09-2021,55,26.2,19.9,22.7,22.4,29,25.4,2.1,2.1,8,16.9,36,285
24-09-2021,51,27,20,23.1,22.8,30.4,26.2,0.1,0.1,1,14.8,30.6,293
25-09-2021,51,27.1,19.8,23.1,23.7,30,26.4,0.4,0.4,3,14.8,31.7,285
26-09-2021,3,25.9,19,22.6,22.6,29,25.1,0,0,0,15.8,36.7,287
27-09-2021,53,24.9,19.2,21.6,22.3,26.2,24,2.3,2.3,10,19.1,42.8,270
28-09-2021,3,25.4,19.5,22.3,21.1,26.7,23.9,0,0,0,23.7,47.5,251
29-09-2021,51,26.9,18.6,22.5,20.3,29.8,25.2,0.7,0.7,3,18.9,38.5,258
30-09-2021,51,26.7,18.9,22.6,22.3,30.3,26.3,0.4,0.4,2,8.6,20.5,279
01-10-2021,63,27.4,19.6,22.8,23.7,31.4,27.2,8,8,7,12.1,29.9,16
02-10-2021,53,27.9,18.6,22.5,23.6,31.8,27,4.2,4.2,11,11.4,29.5,52
03-10-2021,55,27.1,19.9,22.8,23.8,32.1,27.5,3.4,3.4,8,11.1,28.1,98
04-10-2021,51,28.2,19.6,23.2,24.2,32.8,28,1.9,1.9,10,13.5,30.6,62
05-10-2021,61,26.9,19.4,22.3,24,29.7,26.2,7,7,9,11.1,26.3,16
06-10-2021,63,21.6,19.3,20.5,23.3,27.1,25.1,21.9,21.9,18,10.3,26.3,272
07-10-2021,53,27,19.1,22.6,23.7,31.6,27.1,1,1,3,10.4,27.4,231
08-10-2021,61,26.3,20.7,22.9,24.3,29.8,26.7,7.1,7.1,10,13.1,30.2,261
09-10-2021,63,24,19.9,21.4,23.3,27.1,25.3,20,20,17,12.3,29.5,263
10-10-2021,63,26.9,19.4,22.2,23.1,30.3,25.7,7.2,7.2,9,13.1,31.3,296
11-10-2021,63,26,19.5,21.8,23.1,31.3,26.2,15,15,14,11.3,29.2,282
12-10-2021,63,25.3,19.7,21.5,23.6,31.2,25.8,21.5,21.5,17,10.8,23.4,259
13-10-2021,63,24.4,19.3,21,22.2,28.6,25.2,35.1,35.1,24,19.2,32.8,268
14-10-2021,61,24.8,19.4,21.9,23.8,30.5,26.8,5.1,5.1,14,9.7,23,259
15-10-2021,63,26.7,19.5,22.3,24.5,32.3,27.4,13.1,13.1,13,5.8,17.3,246
16-10-2021,63,27.4,19.7,22.8,24.3,33.1,27.7,11.9,11.9,7,6.4,18,166
17-10-2021,55,24.9,20.3,22.3,24.2,29.2,25.9,2.7,2.7,9,11.2,25.9,251
18-10-2021,53,26.2,19.9,22.6,23.2,29.8,25.8,1.4,1.4,6,16.2,36,271
19-10-2021,3,26.9,19.5,22.7,23.1,31.3,26.2,0,0,0,11.6,26.6,309
20-10-2021,63,27.1,18.8,22.4,22.3,31.3,26.2,11.6,11.6,8,8.7,20.9,36
21-10-2021,61,27.2,19.2,22.5,23.4,33,27.5,10.6,10.6,12,6.3,22,107
22-10-2021,61,27.2,20.1,23,23.6,32,27.6,5.1,5.1,8,9.5,23.4,105
23-10-2021,63,26.9,19.6,22.2,23.4,32.8,26.9,11.3,11.3,9,8.3,23.4,128
24-10-2021,61,26.5,19.2,21.7,22.9,31.5,26.2,5.1,5.1,10,9.8,19.8,301
25-10-2021,51,26,19,22.2,22.9,28.6,25.8,0.6,0.6,4,12.4,27.7,57
26-10-2021,51,24.9,19,22,23,28.9,25.7,0.4,0.4,3,9.4,24.8,70
27-10-2021,3,25.7,17.4,21.6,22.1,28.8,24.9,0,0,0,14.2,29.9,57
28-10-2021,53,26.1,16.8,21.4,20.4,28.3,24.3,1,1,2,12.5,27.7,42
29-10-2021,63,25.5,18.3,21.2,21.8,29.5,24.8,10.3,10.3,9,13.1,36.4,60
30-10-2021,55,25.7,19.8,21.8,23.1,29.7,25.7,2.3,2.3,5,14.9,36.4,76
31-10-2021,51,25.9,18.9,21.6,22.6,28.6,25.2,1.7,1.7,10,13.6,29.9,67
01-11-2021,53,22.3,19.4,20.7,22.4,27.5,24.4,10.4,10.4,23,16.3,32,60
02-11-2021,51,25.4,19.4,21.4,21.8,26.9,24.1,0.5,0.5,3,17.6,44.3,95
03-11-2021,53,22.5,19.4,20.5,22.6,28.2,24.7,6.6,6.6,13,16.9,32.8,94
04-11-2021,53,24.8,19.6,21.4,23.1,30,25.8,6.2,6.2,15,10.2,24.8,76
05-11-2021,63,24.6,19.5,21.4,22.8,28.4,25.3,14.3,14.3,11,10.1,19.1,47
06-11-2021,53,25.6,19,21.7,22.8,30.1,25.3,2,2,7,10.2,25.2,26
07-11-2021,63,20.8,18.1,19.5,21.2,25.5,23.2,19.6,19.6,15,12,26.6,28
08-11-2021,63,22.6,18,19.8,20.7,25.1,23,12.9,12.9,16,11.7,28.4,31
09-11-2021,53,22.2,17.4,19.3,19.8,25.9,22,1.6,1.6,6,12.2,25.9,43
10-11-2021,55,22.7,17.2,19.2,19.9,24.6,21.9,7.4,7.4,12,11.5,24.5,3
11-11-2021,63,19,17.4,17.7,17.4,20.5,19,32.9,32.9,23,21.4,40.3,340
12-11-2021,61,20.3,17.5,19,18,24.3,21.3,5.6,5.6,8,18,40.3,333
13-11-2021,61,23,19.1,20.6,22.7,26.9,24.6,12,12,16,8,18,234
14-11-2021,63,24.8,19.5,21.4,24.3,29.1,26,8.9,8.9,12,12.2,28.1,200
15-11-2021,63,25.3,19,21.1,23.2,29.8,25.9,23.6,23.6,13,6.6,16.6,80
16-11-2021,61,24.1,19,20.8,23.1,28.4,25.3,15,15,17,12,26.6,117
17-11-2021,63,25.6,19.5,21.3,22.9,29.9,25.2,12.7,12.7,12,9.9,25.9,104
18-11-2021,65,21,19.2,19.7,21.1,24,22.5,57.5,57.5,17,15.2,33.8,345
19-11-2021,65,21.2,19.2,19.9,21.3,24.6,22.8,52.9,52.9,23,19.8,36,318
20-11-2021,55,23.4,19.2,20.8,22,27.4,23.9,4.6,4.6,15,14.8,32,218
21-11-2021,53,25.6,19,21.7,21.9,29.1,25.5,0.9,0.9,2,8.8,20.2,217
22-11-2021,61,25,18.4,21.1,23.4,28.8,25.8,5.9,5.9,12,9.8,25.9,44
23-11-2021,51,26.2,19.5,22.2,22.5,31,26.5,0.4,0.4,4,11.4,29.2,74
24-11-2021,51,25.7,19.1,21.6,21.9,28.5,25.3,1.2,1.2,6,16.1,33.5,75
25-11-2021,3,25.7,19.1,21.8,22.5,27,24.4,0,0,0,22.3,45,54
26-11-2021,3,24,19.2,21.1,21.5,26.7,23.1,0,0,0,17.9,35.6,49
27-11-2021,53,22.3,18.4,19.8,19.9,24.7,21.9,5.8,5.8,13,18.7,38.9,45
28-11-2021,63,20.5,18.8,19.6,21.1,24.6,22.4,20.9,20.9,17,15.5,28.4,51
29-11-2021,55,24,18.8,20.5,20.7,24.5,22.6,3.6,3.6,9,21.3,44.3,100
30-11-2021,51,25,19.3,21.3,21.5,26.7,23.7,1,1,6,21.9,45,104
01-12-2021,51,24.4,19,21.3,21.4,27.2,23.8,1.1,1.1,5,17.9,39.2,109
02-12-2021,61,25.4,19,21.6,21.8,29.2,25.4,4.4,4.4,8,10.2,20.9,112
03-12-2021,55,25.7,18.1,21.3,22.9,30.6,26.3,2.1,2.1,5,8.8,19.8,89
04-12-2021,51,25,17.7,21.4,23.2,29.6,26.1,1,1,7,5.1,17.6,349
05-12-2021,51,25.3,18.4,21.8,23,29.7,25.7,1.3,1.3,6,6.9,19.4,346
06-12-2021,51,25.5,17.8,21.5,21.8,28.3,25.1,0.3,0.3,2,7.7,23.8,37
07-12-2021,3,26.1,17,21.6,20.6,28.9,24.1,0,0,0,10.6,27,58
08-12-2021,3,26,16.4,21,19.7,29,23.8,0,0,0,12.2,28.4,76
09-12-2021,51,25.4,18.1,21.4,21.4,27.5,24.3,0.4,0.4,2,13,29.2,83
10-12-2021,51,25.7,17.5,21,20.6,27.3,23.2,0.1,0.1,1,15.5,35.3,88
11-12-2021,51,24.6,18.2,20.9,21.4,26.2,23.4,0.5,0.5,4,16.2,34.9,76
12-12-2021,3,24.1,17.2,20.4,19.9,26,22.8,0,0,0,18.3,40.7,74
13-12-2021,51,24,17.2,20,19.8,25.2,22.4,1.2,1.2,6,15.9,34.9,70
14-12-2021,51,23.5,18.2,20.3,20.1,24.7,22.1,0.3,0.3,2,17.7,38.2,77
15-12-2021,3,25,17.3,20.5,19.9,26.8,22.5,0,0,0,13.6,31.7,71
16-12-2021,3,25.6,16.3,20.2,19.4,28,22.5,0,0,0,12.2,28.1,58
17-12-2021,3,25.6,14.7,19.6,17.9,28.3,21.9,0,0,0,9.8,24.8,57
18-12-2021,2,25,13.7,18.9,17.1,27.6,21.3,0,0,0,10.7,26.6,49
19-12-2021,0,24.1,13,17.9,16.1,25.4,19.5,0,0,0,12.8,29.5,71
20-12-2021,3,24.4,12.7,17.9,15.1,25.7,19.5,0,0,0,12,28.1,79
21-12-2021,3,24.8,13.6,18.3,15.1,28,20.5,0,0,0,8.6,19.1,81
22-12-2021,0,25.5,11.8,18.7,15.1,28.2,20.7,0,0,0,7.9,19.1,82
23-12-2021,0,26.4,12.8,19.4,16.2,28.1,21.1,0,0,0,8.6,19.1,81
24-12-2021,0,26.4,12.8,19.2,14.6,27.8,20.5,0,0,0,8,21.6,98
25-12-2021,0,27.5,12.8,19.6,13.8,28.8,20.8,0,0,0,9,20.9,83
26-12-2021,0,27.5,12.3,19.8,16,28.6,21.7,0,0,0,9.4,24.1,93
27-12-2021,3,25.7,14.5,19.3,17.1,27.5,21.2,0,0,0,11.7,29.5,115
28-12-2021,3,25.4,15.3,19.4,16.6,27.4,21.1,0,0,0,14.2,31.7,112
29-12-2021,3,25.6,16.8,20.2,17.7,27.3,21.6,0,0,0,14.7,29.2,115
30-12-2021,51,25.5,15.5,19.8,17.3,26.4,21.2,0.1,0.1,1,16,36.4,92
31-12-2021,51,24.2,18.2,20.6,18.8,24,21.3,1,1,6,24.3,47.2,81
01-01-2022,51,24.8,18.3,20.6,19.4,26.8,23,1,1,7,15.7,42.8,219
02-01-2022,3,26.3,17.3,20.8,19.6,27.1,22.4,0,0,0,15.9,37.4,355
03-01-2022,3,26.2,15.8,20.5,17.9,28.3,21.9,0,0,0,12.3,29.9,2
04-01-2022,3,25.8,16.1,19.9,16.9,26.9,21,0,0,0,11.6,28.8,7
05-01-2022,3,26.1,14.6,19.8,16.2,28.8,21.7,0,0,0,11.3,20.5,350
06-01-2022,3,26.8,16.1,20.4,17.5,28.9,22.3,0,0,0,11.9,22,331
07-01-2022,3,26.6,17.3,21.1,18.3,28.1,22.6,0,0,0,13.5,27.4,311
08-01-2022,3,26.5,17.5,21.2,19.1,29,23.2,0,0,0,14.5,26.6,315
09-01-2022,3,26.6,17.8,21.4,19.1,28.5,23.3,0,0,0,14.2,25.9,315
10-01-2022,3,27.5,16.5,21.4,18.9,30,23.5,0,0,0,11.5,23,310
11-01-2022,2,27.7,16.1,21.6,19.7,30.2,23.8,0,0,0,10.8,24.8,305
12-01-2022,2,27.5,17.7,22,20.4,29.1,24.2,0,0,0,11.4,28.1,275
13-01-2022,1,27.5,18,22,19.6,28,23.3,0,0,0,13.7,31.3,248
14-01-2022,2,27.2,17,21.4,17.8,28.6,22.8,0,0,0,17.4,27,321
15-01-2022,2,27.9,16.5,21.8,18.8,29.5,24,0,0,0,12.8,22.7,331
16-01-2022,3,26.9,17.6,21.6,20,29,23.5,0,0,0,16.3,31,344
17-01-2022,3,26.3,17.2,20.8,18.8,27.8,22.3,0,0,0,15.6,30.2,3
18-01-2022,2,26.4,15.1,20.6,17.2,27.6,22.1,0,0,0,12.2,29.9,5
19-01-2022,3,27,16.6,20.9,17.9,28.3,22.2,0,0,0,10.9,24.8,25
20-01-2022,0,28.4,14.6,21.1,14.8,29.2,21.4,0,0,0,9.9,24.8,51
21-01-2022,1,30.2,15.5,22.4,15.7,29.8,22.2,0,0,0,14.4,29.9,62
22-01-2022,1,29.3,14.3,22.4,15.9,30.1,22.3,0,0,0,10.5,26.3,151
23-01-2022,0,28.4,16.9,22.3,16.2,29.5,22.4,0,0,0,13,30.6,173
24-01-2022,0,27.7,14.4,21,15.1,28.5,20.9,0,0,0,10.8,26.3,152
25-01-2022,2,27.3,16.5,21.3,17,29.1,22.3,0,0,0,8.8,25.6,300
26-01-2022,51,26.9,18.3,22,19.6,28.2,23.5,0.3,0.3,3,9.8,25.9,302
27-01-2022,51,26.7,17.7,21.7,20.3,27.5,23.2,0.8,0.8,6,15.9,27.7,336
28-01-2022,51,25.6,17.4,20.9,19.2,24.5,21.6,0.2,0.2,2,19.5,42.5,0
29-01-2022,3,27,15.2,20.8,17.6,27.9,21.9,0,0,0,17.1,38.2,356
30-01-2022,3,27.8,17.2,22.2,19,30,24.7,0,0,0,9.4,18.4,326
31-01-2022,2,29.2,17.6,23.3,21.2,32.9,26.3,0,0,0,12.4,21.2,336
01-02-2022,3,29.4,18.5,23.2,21.1,31.9,25.4,0,0,0,13.3,25.2,346
02-02-2022,1,29.6,16.2,22.9,19.6,32.6,25.5,0,0,0,8.4,21.2,350
03-02-2022,1,28.8,16.1,22.6,19.5,31,24.5,0,0,0,11.2,26.3,261
04-02-2022,1,29.4,16.2,22.8,18.6,29.2,23.2,0,0,0,11.3,28.1,177
05-02-2022,2,29.1,15.3,21.9,16.4,31.2,23.4,0,0,0,9.4,26.6,316
06-02-2022,3,27.3,18.2,22.2,20,29.2,24.1,0,0,0,14.7,31.3,330
07-02-2022,3,28.2,17.6,22.5,20.5,30,24.6,0,0,0,15,29.9,348
08-02-2022,3,28.5,15.3,22.1,18.4,31.2,24.3,0,0,0,12.6,22.3,2
09-02-2022,1,28.4,15.5,21.5,16.9,30,22.6,0,0,0,14.2,31.3,350
10-02-2022,2,28.3,14.8,21,16.9,29.6,21.9,0,0,0,12.9,26.6,11
11-02-2022,1,28.8,15.6,21.8,15.9,28.2,21.2,0,0,0,19.3,41.8,13
12-02-2022,0,28.3,16,22,16.1,29.2,22.3,0,0,0,17.3,40.3,5
13-02-2022,2,28.2,15.5,21.6,18.4,30.5,23.3,0,0,0,10.9,29.5,358
14-02-2022,3,28,16.4,21.8,17.6,30.5,23,0,0,0,15.8,29.9,3
15-02-2022,3,28.3,16.7,22.3,19.1,29.4,23.4,0,0,0,16.4,30.6,5
16-02-2022,3,29.3,15.4,22.6,17.7,30.1,23.2,0,0,0,17.3,36,351
17-02-2022,1,28.6,16,22.4,18.3,29.8,22.9,0,0,0,15.7,30.6,342
18-02-2022,1,28.6,14.9,21.8,16.8,29.3,22.2,0,0,0,16,33.8,342
19-02-2022,0,29,14.9,22,16.7,29.7,22.6,0,0,0,13.8,31.7,350
20-02-2022,1,30.4,14.9,22.8,18.1,31.8,24,0,0,0,11.7,22.3,58
21-02-2022,0,30.8,16,23.6,17.6,32.9,24.5,0,0,0,8.8,21.6,73
22-02-2022,1,30.7,18.2,24.3,20.1,32.1,25.4,0,0,0,15.1,30.2,334
23-02-2022,1,29.7,17.1,23,19.5,29.9,23.6,0,0,0,15.1,36.7,345
24-02-2022,2,29.1,16.1,22.3,18,28.5,22.2,0,0,0,14.7,26.3,345
25-02-2022,0,30.4,14.5,22.4,17.2,29.9,22.7,0,0,0,14.4,28.4,3
26-02-2022,3,29.4,15.1,21.8,16.8,29.4,22.5,0,0,0,15,28.8,344
27-02-2022,3,29.3,16.7,22.6,18.4,30.9,23.7,0,0,0,14.9,28.8,350
28-02-2022,0,29.5,16,22.8,17.3,30.5,23.3,0,0,0,14.5,27.4,343
01-03-2022,2,30,16.4,23.4,18.6,31,23.6,0,0,0,18.3,32.4,345
02-03-2022,1,29.6,16.7,22.9,15.2,28.4,21.1,0,0,0,16.9,38.5,352
03-03-2022,1,29.9,15.7,22.7,15.3,27.7,21.2,0,0,0,21.7,45.7,6
04-03-2022,1,30.6,15.8,23,15.6,28.6,22,0,0,0,20.1,43.6,32
05-03-2022,1,30.5,16,23.1,16.8,30,23,0,0,0,17.7,39.2,29
06-03-2022,2,30,16.9,23.4,18.2,29.2,23,0,0,0,20.8,44.6,17
07-03-2022,51,26.9,17.6,21.6,17.2,27.4,22.2,1.7,1.7,8,17.5,36.7,352
08-03-2022,3,30,17.1,23.4,19.3,31.1,24.4,0,0,0,15.9,34.2,340
09-03-2022,0,31.8,17.3,24.4,19.4,32,24.6,0,0,0,16.5,32.4,346
10-03-2022,0,31.9,17.4,24.8,18.1,32.2,24.6,0,0,0,15.3,33.1,347
11-03-2022,0,32.1,17.4,24.8,18.2,31.1,24,0,0,0,17.1,37.1,359
12-03-2022,1,32.1,18.1,25,17.7,31.4,24,0,0,0,16.3,36.7,0
13-03-2022,0,32.2,18.8,25.3,17.5,31.2,24.1,0,0,0,18.3,40,360
14-03-2022,0,32.7,17.7,25.5,18.6,32.9,25.5,0,0,0,14.8,35.3,8
15-03-2022,1,32.9,17.5,25.5,20.3,33.4,25.5,0,0,0,12.1,26.6,31
16-03-2022,1,33.2,17.2,25.4,18.7,33.7,25.4,0,0,0,11.9,28.8,13
17-03-2022,1,34,19,26.3,18.9,33.1,25.6,0,0,0,14.2,33.8,357
18-03-2022,1,33.3,19.1,26.4,19.2,35.6,26.4,0,0,0,10,22.7,283
19-03-2022,2,31,19.3,25.5,21.7,32.8,26.5,0,0,0,19.6,35.3,191
20-03-2022,2,26.7,22.2,24,23.4,28.6,25.5,0,0,0,10.8,25.6,197
21-03-2022,51,31.6,18.9,24.9,22.6,35.6,27.6,1.1,1.1,7,9.4,23,179
22-03-2022,3,28.3,20.6,24.2,23.1,31.7,27,0,0,0,7.6,23.4,222
23-03-2022,2,32.8,19.7,26.5,23.7,35.4,28.2,0,0,0,12.2,30.2,321
24-03-2022,1,31.6,20.8,26,24.7,34.5,28.2,0,0,0,10.2,27.7,321
25-03-2022,51,31.5,20.2,26,23.7,36.1,28.9,0.2,0.2,1,9.7,24.5,313
26-03-2022,51,32.2,20.6,26.5,23.2,36.2,29.2,0.1,0.1,1,9.1,27.7,304
27-03-2022,1,33.5,21.1,27,24.7,35.4,29.2,0,0,0,12.1,28.1,328
28-03-2022,0,33.3,20.2,27,23.5,34.9,28.8,0,0,0,10.9,26.6,319
29-03-2022,2,32.8,21.1,27.1,24,35.1,29.3,0,0,0,8.7,22,285
30-03-2022,1,32.6,21.9,27.3,25.1,35.2,29.7,0,0,0,7.4,21.2,256
31-03-2022,51,31.5,22.4,26.9,23.9,36.1,29.6,0.1,0.1,1,8.6,24.5,234
01-04-2022,1,31.8,21.1,26.6,25,34.5,28.7,0,0,0,9,22.3,267
02-04-2022,51,31.8,20.4,26.1,23.4,35.3,28.7,0.1,0.1,1,7.4,23,282
03-04-2022,0,33.3,19.6,26.3,23,34.9,28.2,0,0,0,13,30.6,334
04-04-2022,2,33.3,19.2,26.1,22.2,33.6,27.5,0,0,0,13.6,32.4,324
05-04-2022,3,32.1,19.7,25.5,22.8,33.2,27.3,0,0,0,14.9,30.6,321
06-04-2022,1,33,18.9,26.1,22.6,35.1,28,0,0,0,11.5,25.2,325
07-04-2022,0,34,19.4,26.7,22.2,34.9,27.8,0,0,0,15.8,34.2,352
08-04-2022,1,32.8,19.1,25.8,22.9,35.3,28.5,0,0,0,12.2,33.1,334
09-04-2022,3,33.2,21.1,26.7,24.8,35.1,28.9,0,0,0,13.8,26.3,325
10-04-2022,2,32.5,21.4,26.7,24.7,34.6,28.7,0,0,0,10.8,25.2,337
11-04-2022,3,33.4,20.2,26.4,23.1,35.2,28.9,0,0,0,14.3,27.7,352
12-04-2022,3,32.6,21.9,26.2,26.3,34.6,29.5,0,0,0,14.3,31,324
13-04-2022,63,31.1,22.2,24.9,25.6,33.7,28.6,10.2,10.2,9,13.8,34.6,318
14-04-2022,53,29.6,21,24.5,24.3,33.8,27.8,1.2,1.2,5,12.2,26.3,258
15-04-2022,61,32.1,20.1,24.7,22.7,36.5,28.1,2.9,2.9,4,7,25.9,209
16-04-2022,55,32.9,20.2,25.6,23.2,37.7,28.6,1.5,1.5,3,14.1,20.2,135
17-04-2022,63,31.9,19.9,24.3,22.6,36.4,27.9,10.9,10.9,9,11,27,154
18-04-2022,53,31,20.3,24.7,22.9,34.4,27.5,1.2,1.2,4,10.1,23.8,160
19-04-2022,53,33,19.9,25.6,23.4,36.5,28.6,1,1,3,7.3,29.9,137
20-04-2022,1,33.7,20.7,27.1,24.6,35.9,29.7,0,0,0,10.7,25.9,345
21-04-2022,1,33.2,20.9,26.8,25.5,35.6,29.5,0,0,0,12.7,29.2,320
22-04-2022,1,33,20.1,26,23.7,35.1,28.6,0,0,0,15.5,32,326
23-04-2022,3,32.7,19.9,26.2,24.1,34.2,28.3,0,0,0,11.6,27.7,320
24-04-2022,3,33.9,21.4,27.2,24.9,34.5,29.1,0,0,0,9.1,23.8,317
25-04-2022,1,33.8,20.9,27.4,24.2,36.2,29.2,0,0,0,9.1,23.4,302
26-04-2022,2,34.3,20.9,27.6,23.7,36.8,29.9,0,0,0,9.7,24.8,338
27-04-2022,0,34.9,21.3,28.1,24.4,36.8,30.1,0,0,0,11.2,27,326
28-04-2022,1,34,21.5,27.9,25.1,38.3,30.4,0,0,0,9.5,23,291
29-04-2022,2,36.5,21.8,29,24.7,37.9,30.5,0,0,0,12,30.6,75
30-04-2022,2,33.4,22.3,28.2,24.5,35.4,29.8,0,0,0,14.2,31,160
01-05-2022,2,33.7,22.1,27.8,24.7,36.9,29.1,0,0,0,16.6,31.7,168
02-05-2022,3,33.8,21.6,27.7,22.8,35.3,29.1,0,0,0,13,32,161
03-05-2022,53,33.4,21.6,27.3,24.5,36.7,29.8,0.7,0.7,2,13.7,27,165
04-05-2022,51,31.9,22,26.8,23.9,35.3,28.6,0.3,0.3,3,9.5,24.5,159
05-05-2022,63,31.8,21.3,25.1,23.2,34.8,27.9,10.1,10.1,7,12.5,30.2,140
06-05-2022,53,32,20.8,25.5,24.9,37.3,28.9,1.8,1.8,5,9.4,31.7,174
07-05-2022,51,32.3,21.8,26.5,24.4,35.9,28.8,1,1,5,10,27.7,165
08-05-2022,51,33,21,26.6,24,36.3,28.8,0.4,0.4,3,11,28.8,163
09-05-2022,55,31.1,21.4,25.6,23.3,33,27.7,2.3,2.3,6,13.1,31.7,176
10-05-2022,53,27.9,21.1,24,22.4,28,24.9,3.4,3.4,11,22,43.2,187
11-05-2022,51,25.3,21.2,22.8,21.2,24.3,22.6,2.2,2.2,12,25.2,49.3,186
12-05-2022,63,21.5,20.2,20.8,20.9,24,22.5,25.1,25.1,22,16.9,37.1,201
13-05-2022,63,26.3,20.3,22.7,22.1,29.8,25.6,11.2,11.2,18,18.1,38.9,182
14-05-2022,63,28.6,21.1,24.1,24,33.7,28.2,14.4,14.4,11,13.7,30.6,188
15-05-2022,63,28.8,21.1,23.9,24.5,34.3,28.4,9.2,9.2,8,11,29.2,184
16-05-2022,63,28.9,21.2,23.9,24.8,33.2,27.2,16.9,16.9,11,14.6,29.2,167
17-05-2022,63,27.3,21.3,23.1,24,32.7,27.6,19.3,19.3,17,10.2,24.8,287
18-05-2022,63,26.1,20.4,23,23,29.6,26.4,18.1,18.1,21,13,33.8,341
19-05-2022,51,23.8,18.7,21,19.6,24,21.9,0.7,0.7,6,24.1,47.5,219
20-05-2022,61,27.2,19.2,22.4,18.4,28.2,23.5,3.8,3.8,8,24,56.9,193
21-05-2022,51,27.1,19.9,22.9,20.8,27.1,24.1,0.4,0.4,4,26.3,50.4,177
22-05-2022,61,27.2,19.7,22.7,22.2,30.1,25.4,2.1,2.1,4,22.7,43.6,189
23-05-2022,3,29.7,19.9,24.3,22.3,33,27.6,0,0,0,21.1,39.2,167
24-05-2022,51,29.2,20.5,24.6,24.4,34.6,29.1,0.6,0.6,4,15.5,32.8,167
25-05-2022,51,28.9,20.6,24.5,25.3,34.8,29.1,0.9,0.9,6,13.8,28.1,149
26-05-2022,51,29.4,20.4,24.3,24.9,36.1,28.6,0.6,0.6,3,13.1,25.6,191
27-05-2022,53,28.7,20.3,23.9,23,32.5,27.5,0.6,0.6,1,15.3,33.8,176
28-05-2022,51,29.3,20,24.1,23.2,32.3,27.7,0.1,0.1,1,15,34.2,179
29-05-2022,51,28.9,19.7,24.3,23.2,32.7,27.7,0.2,0.2,1,14.8,31.7,179
30-05-2022,51,28.5,19.5,24.1,23.3,33.1,28.1,0.3,0.3,2,17.1,30.6,240
31-05-2022,61,29.8,20.7,24.2,23.5,34.9,27.9,9.4,9.4,9,16.2,29.5,158
01-06-2022,63,28.2,20.3,23.4,23.7,34.2,28.1,6,6,3,7.1,36.4,28
02-06-2022,51,28.9,20.2,24.2,24.5,33.3,27.8,0.5,0.5,2,16.8,33.8,169
03-06-2022,61,30.3,19.9,24.2,23.1,35.4,28.1,5.9,5.9,5,16.3,33.1,175
04-06-2022,63,31,20.3,24.4,23.2,36.4,28.6,9.7,9.7,7,13.4,28.4,164
05-06-2022,63,29.9,20.5,24.3,23.5,35.8,28.4,15.1,15.1,8,12.6,28.1,184
06-06-2022,63,29.7,20.7,24.3,21.8,33.4,26.7,9.4,9.4,7,12.4,33.1,166
07-06-2022,61,28,20.6,23.5,22.8,31.6,26.4,4.8,4.8,3,16.6,35.6,191
08-06-2022,51,29.1,19.6,23.8,22.5,32.3,26.8,0.1,0.1,1,18.7,39.2,183
09-06-2022,51,29,20.8,24.4,23.2,32.3,27.1,0.3,0.3,3,18.9,36.4,182
10-06-2022,3,27.6,19.8,23.8,22.6,30.3,26.2,0,0,0,19.8,40.3,195
11-06-2022,51,27.8,19.3,23.4,21.6,30.7,25.8,0.2,0.2,1,20.5,41,199
12-06-2022,63,28.3,19.8,23,22.3,32.5,26.3,8.2,8.2,5,15.4,33.5,196
13-06-2022,51,28,19.7,23.5,21.8,31.5,26.4,0.1,0.1,1,14,33.1,187
14-06-2022,63,28.5,19.5,23.7,22.1,33,27,5.2,5.2,4,13.3,28.4,180
15-06-2022,53,27.7,20.4,23.8,23.2,30.5,26.3,3.7,3.7,8,15.9,32.4,163
16-06-2022,55,28.4,19.9,23.3,23.4,32,27.1,2.5,2.5,7,11.9,28.1,180
17-06-2022,63,27.1,20.2,22.9,22.9,32.3,27.1,15.5,15.5,22,8.9,22.3,194
18-06-2022,63,26.4,19.8,22.6,23.8,31.1,27.2,25,25,18,9,24.5,202
19-06-2022,55,27.1,20.4,23.1,23.2,32.4,26.6,4.8,4.8,13,11.2,24.5,189
20-06-2022,51,27.3,20.1,23.2,22.8,30.8,25.9,1.1,1.1,6,14.5,33.8,180
21-06-2022,63,26,20.3,22,22.3,28.3,24.3,10.6,10.6,12,19.8,45.4,188
22-06-2022,53,25.6,20,22.2,22.2,27.6,24.7,1.6,1.6,4,18.5,38.2,202
23-06-2022,53,26,20.2,22.5,22.5,28.8,25.1,1.6,1.6,7,18.1,41,209
24-06-2022,51,27.3,19.9,23.1,21.7,30,25.1,0.4,0.4,3,26,62.6,201
25-06-2022,53,26.4,20.2,22.5,21.3,27.9,24.1,1.6,1.6,9,25.3,55.8,198
26-06-2022,51,27.1,20.5,23,21.7,27.8,24.5,0.3,0.3,3,26.8,54.7,194
27-06-2022,51,26.3,20.2,22.9,22.2,28,24.6,0.2,0.2,2,24.1,44.6,194
28-06-2022,51,26,19.7,22.3,21.5,27.8,24.6,0.8,0.8,5,20.2,39.6,186
29-06-2022,63,26.8,20,22.3,22.7,29.6,25.3,10,10,12,19.8,41.8,188
30-06-2022,61,27.1,19.8,22.1,22,29.6,24.5,7.6,7.6,16,20.2,44.3,186
01-07-2022,63,27.4,20.4,22.6,21.8,28.5,24.6,4.8,4.8,10,25.5,58.7,175
02-07-2022,53,27.3,21.1,23.3,22.3,29.3,25.4,2.2,2.2,10,26.3,49.7,167
03-07-2022,63,26.2,20.4,22.7,22.6,28,24.8,7.9,7.9,9,23.3,48.2,176
04-07-2022,63,22,19.2,20.4,21.9,26.4,23.9,35.3,35.3,23,21.5,43.9,196
05-07-2022,55,23.4,19.8,20.7,21.1,25.7,22.7,13,13,24,25.8,51.8,189
06-07-2022,61,23.6,19.8,20.8,20.6,24,22.7,18.5,18.5,22,24.2,48.2,190
07-07-2022,63,23,19.5,20.8,21.4,24.9,23.2,22.6,22.6,20,22.9,51.8,185
08-07-2022,53,23.2,19.6,21,20.3,24.5,22.3,4.3,4.3,20,28.6,55.8,176
09-07-2022,61,22.4,19.5,20.5,21.1,26.3,22.7,14.3,14.3,22,23.1,49.7,182
10-07-2022,53,23.4,19.6,20.8,20.9,25,22.8,7.2,7.2,21,28.1,52.2,177
11-07-2022,53,22.5,19.6,20.7,21,24.1,22.6,4.7,4.7,14,23.5,55.1,181
12-07-2022,51,25.8,19.4,22.1,20.6,26.2,22.9,1.7,1.7,13,31,62.6,183
13-07-2022,51,24.2,20.1,21.6,20.5,23.4,21.8,2.7,2.7,16,35.3,63.7,186
14-07-2022,53,25.9,19.7,22,20.3,24.4,21.9,1.3,1.3,8,34.5,82.8,191
15-07-2022,51,25.8,20.1,22.4,20.1,26,23,1.7,1.7,9,26.6,61.9,191
16-07-2022,63,26.5,20.3,22,21.7,26.5,23.4,16.2,16.2,15,26.6,60.8,190
17-07-2022,63,26.2,20.5,22.4,22.1,27.7,24.7,9.6,9.6,14,25,48.6,176
18-07-2022,61,25.8,20.2,22.1,22.2,27.2,24.3,3.5,3.5,11,20.9,43.2,180
19-07-2022,55,26.2,19.3,22.4,21.9,30.7,26,4.5,4.5,13,15.5,33.1,180
20-07-2022,63,27.3,19.8,22.9,23,32,26.6,7.7,7.7,10,14.8,32,152
21-07-2022,53,27,19.5,22.9,22.9,30.5,26.1,2,2,9,15.1,34.9,156
22-07-2022,61,24.5,19.6,21.8,22.9,28.7,24.9,4.7,4.7,13,15.7,34.9,163
23-07-2022,51,26.1,19.2,21.9,22.4,28,24.6,1.7,1.7,9,19.4,38.9,173
24-07-2022,51,25.7,19.2,22.4,21.5,27.9,24.5,0.8,0.8,5,21.1,41.8,173
25-07-2022,51,25.5,19.2,22.1,21.6,29.2,24.9,1.9,1.9,12,18,37.8,158
26-07-2022,53,24.6,19.4,21.7,22.6,27.7,24.9,3,3,13,16.1,34.6,144
27-07-2022,63,27.2,18.9,22.4,22.5,32.3,26.8,20.1,20.1,15,8.3,20.5,105
28-07-2022,61,27.7,19.5,22.9,24.1,33.3,28.4,7.2,7.2,10,5.2,20.5,315
29-07-2022,63,28.5,18.7,23.1,24.8,35.3,28.8,7.8,7.8,10,8,23.8,20
30-07-2022,61,28.2,19.8,23,24,34.4,27.7,8.4,8.4,19,10.2,22.7,133
31-07-2022,63,27.7,20.3,23.3,24.8,33,28,22,22,20,10.6,23,131
01-08-2022,63,27.4,20.3,23.2,24.4,32.9,27.5,12.2,12.2,18,13,28.8,124
02-08-2022,63,26.6,20.4,22.4,22.6,29.5,25.8,24.5,24.5,21,12.3,25.9,109
03-08-2022,63,25.3,20.2,22.1,23.6,28.9,25.7,25.2,25.2,19,11.4,22,136
04-08-2022,63,25.3,20.3,21.9,22.4,26.9,25,15.7,15.7,22,12.3,31,167
05-08-2022,61,24.1,19.8,20.8,20.4,25.5,22.3,11.9,11.9,22,23.9,55.1,199
06-08-2022,53,24.2,19.5,20.9,19.7,25.2,22.2,9.3,9.3,24,29.9,56.9,190
07-08-2022,61,24.5,19.7,21.1,21.1,26.2,23.1,16.2,16.2,18,23.1,53.3,192
08-08-2022,53,25,20.6,21.9,21.3,25.8,23.1,4,4,12,25.2,63,194
09-08-2022,51,24.9,20.2,22.1,20.1,24.8,22.3,0.9,0.9,6,33.2,64.8,197
10-08-2022,51,25.3,19.9,22.1,19.9,25.7,22.8,1.2,1.2,7,31.4,63,196
11-08-2022,51,26.2,19.5,22.4,20.5,26.6,23.4,1,1,8,31.5,62.3,193
12-08-2022,51,26.5,19.8,22.7,21.7,27.4,24,0.4,0.4,4,27.8,51.8,186
13-08-2022,51,25.8,19.5,22.4,21.8,27.6,24.2,0.3,0.3,3,23.5,44.3,180
14-08-2022,51,25.2,19.1,22,20,27.5,23.6,0.2,0.2,2,23.4,45.4,175
15-08-2022,51,25.7,19.1,22.3,21.8,29,25.2,0.1,0.1,1,18,38.9,184
16-08-2022,3,27.4,18.4,23,22.2,31.5,26.7,0,0,0,12,28.8,169
17-08-2022,3,27.6,18.6,23.1,22.6,31.7,27.1,0,0,0,12,25.9,151
18-08-2022,51,26.9,18.9,22.9,22.1,30.3,26.2,0.8,0.8,7,16.8,37.8,141
19-08-2022,51,26.7,19.9,23.1,22.4,28.4,25.3,0.1,0.1,1,20.1,39.6,149
20-08-2022,51,26.5,19.1,22.7,21.7,29.1,25.1,0.1,0.1,1,17.6,37.8,166
21-08-2022,55,27.6,20.4,22.7,22.7,30.3,25.5,5,5,11,18,42.5,173
22-08-2022,53,26.6,20.2,22.3,21.9,29.5,24.7,2.4,2.4,10,22.9,49.3,174
23-08-2022,53,26.5,19.7,22.2,21.9,30.5,25.1,2.3,2.3,13,20.4,41,174
24-08-2022,53,25.8,19.5,21.8,22,29.9,24.2,2.9,2.9,9,19.7,38.9,164
25-08-2022,63,26.1,19.5,21.8,22.3,28.3,25,11.4,11.4,16,17.1,33.1,142
26-08-2022,63,26.1,19.5,21.9,22.6,29.8,25.2,11.3,11.3,15,16.2,33.5,140
27-08-2022,61,26.4,19.6,21.8,21.8,30.2,25.1,11.3,11.3,17,13.4,26.6,145
28-08-2022,61,25.6,19.4,21.4,21.7,30,24.8,13.7,13.7,22,16.1,30.2,126
29-08-2022,63,25.8,19.7,22,23.4,29.9,26.1,8.2,8.2,12,11.8,27.4,118
30-08-2022,55,26.7,20.1,22.8,24,32.1,27.5,6.1,6.1,15,8.9,24.5,343
31-08-2022,63,27.7,19.2,22.5,24.1,32.4,26.6,5.6,5.6,8,11.2,29.9,327
01-09-2022,53,26.2,19.2,22.3,23.9,30.3,25.9,3.1,3.1,12,10.5,20.2,312
02-09-2022,51,26.6,19.5,22.6,23.4,30.9,26.7,1.3,1.3,11,8.2,24.8,301
03-09-2022,61,27.6,19.4,22.9,24,34.6,28.4,6.9,6.9,12,5.5,17.6,216
04-09-2022,63,28,20.5,23.1,24.6,35.1,28.2,11.4,11.4,14,10,21.6,136
05-09-2022,61,28.1,20.5,23.2,23.8,33,27.5,9.5,9.5,19,10.8,24.5,140
06-09-2022,63,27.3,19.6,22.9,23.8,32.8,27,10,10,11,9.4,19.1,209
07-09-2022,53,25.8,20,22,22.5,29.6,24.7,6.2,6.2,18,13.7,36.4,206
08-09-2022,63,23.3,19.3,21,21.4,27.2,24,16.2,16.2,24,17.4,38.5,199
09-09-2022,51,25.1,19.1,22,22,28,24.7,0.1,0.1,1,19.4,39.2,202
10-09-2022,63,25.5,20.4,22,22.5,27.4,24.1,6,6,10,23.2,49,196
11-09-2022,51,25.7,20,22.3,21.4,26.6,23.6,0.2,0.2,2,28.1,55.8,201
12-09-2022,51,25.7,19.7,22.2,21,26.3,23.5,0.6,0.6,6,28.2,55.1,204
13-09-2022,53,26.3,19.1,22.1,20.7,28.3,24.2,1.9,1.9,10,21.9,41.8,208
14-09-2022,63,26.3,19.5,22.4,22.1,29.9,25.5,3.4,3.4,5,17,33.5,204
15-09-2022,51,26.2,18.7,22.1,20.9,28.6,24.5,0.1,0.1,1,18.2,36.7,193
16-09-2022,51,26.3,18.9,22.4,21.1,29,25.1,0.2,0.2,2,17,36,182
17-09-2022,51,26.4,18.7,22.3,22,30.4,25.8,0.3,0.3,3,14,30.6,182
18-09-2022,51,26.5,18.8,22.3,21.8,30,25.6,0.4,0.4,4,15.2,32,175
19-09-2022,51,25.8,18.5,21.8,21.9,28.4,24.8,0.7,0.7,5,16.2,36,173
20-09-2022,3,26.6,17.9,22,20.5,28.2,24,0,0,0,16.5,36.7,170
21-09-2022,3,26.2,17.8,21.8,20.6,28.5,24.4,0,0,0,17.9,37.1,170
22-09-2022,3,26.8,17.8,21.8,20.8,29.1,24.7,0,0,0,17.8,38.5,173
23-09-2022,51,27,17.1,21.9,20.2,29.9,24.7,0.2,0.2,2,15.7,33.8,168
24-09-2022,51,26.3,18.5,22.3,21.4,29.2,25,0.8,0.8,7,17.9,36.7,158
25-09-2022,51,27.1,18,22.5,21,29.7,25.2,0.1,0.1,1,14.3,31.7,138
26-09-2022,51,25.3,20.3,22.3,21.7,26.3,24.2,1,1,8,15.6,31.3,133
27-09-2022,51,26.4,19.2,22.6,22,29.1,25.5,0.7,0.7,6,14.8,33.1,141
28-09-2022,51,26.6,19.1,22.9,22.6,28.5,25.3,0.3,0.3,3,13.7,28.4,154
29-09-2022,51,26.4,18.5,22.3,21.6,27.7,24.3,0.1,0.1,1,15.5,33.5,157
30-09-2022,55,26.1,19.4,21.3,21.1,26.8,23,8.9,8.9,16,17.9,44.6,160
01-10-2022,63,24.2,19,20.3,20.3,25.6,22.2,20.6,20.6,24,16.7,40.7,173
02-10-2022,53,24.4,18.8,21.3,20.3,26.7,23.1,1.3,1.3,4,20.2,41,152
03-10-2022,51,25.6,18.8,22,21.5,27.4,24,0.6,0.6,6,18.3,37.8,139
04-10-2022,51,26.3,18.6,22.1,21.4,28.6,24.8,0.8,0.8,7,20.1,40.7,132
05-10-2022,51,26.3,18.9,22.3,22.1,29.2,25.4,1.1,1.1,6,17.1,33.1,148
06-10-2022,53,25.7,19.3,21,22.2,27.7,23.9,5.5,5.5,18,16.6,33.5,190
07-10-2022,53,25.7,17.7,21.6,20,28.2,24.2,0.9,0.9,3,12.3,29.5,199
08-10-2022,3,26.1,17.2,21.8,20.1,30.6,25.1,0,0,0,7.9,17.6,133
09-10-2022,63,25.2,19.8,21.7,23.7,29,25.4,16.3,16.3,13,9.1,19.4,91
10-10-2022,63,25.5,19.2,21.5,23.4,30,26,12.7,12.7,18,7.7,22.3,8
11-10-2022,63,26,19.7,21.9,23.7,30.5,26.2,6.2,6.2,10,11.2,26.6,294
12-10-2022,61,26.3,18.9,21.6,23.4,32.2,26.7,6.8,6.8,11,7.2,20.2,245
13-10-2022,53,26.8,19.2,22.4,23.5,32.7,26.8,3.5,3.5,16,8.3,17.6,23
14-10-2022,61,26.9,18.7,21.7,22.5,32.1,26.2,10.4,10.4,14,8.7,20.9,221
15-10-2022,61,27.1,18.9,22.1,22.9,31.9,26.9,6.6,6.6,14,9.5,24.5,47
16-10-2022,63,26.1,19.5,21.9,24.1,30.9,26.5,11.4,11.4,16,9.6,19.8,307
17-10-2022,55,26.8,19.1,21.9,22.8,32.1,26.4,3.2,3.2,8,11.1,27.4,340
18-10-2022,63,25.7,18.7,21.4,22.6,30.8,26,11.7,11.7,15,6.2,19.4,202
19-10-2022,61,26.9,17.9,21.9,22,33,26.6,7.8,7.8,13,8.4,21.2,57
20-10-2022,63,26.8,18.8,21.8,23,31.6,26.5,12.3,12.3,13,9.1,25.9,13
21-10-2022,55,26.1,19.1,21.7,23.2,29.6,25.5,3.6,3.6,9,13.8,34.2,10
22-10-2022,3,26.2,17.5,21.6,21.6,28.6,24.8,0,0,0,14.7,31,61
23-10-2022,0,25.9,15.9,20.7,19.5,29.5,23.7,0,0,0,11.8,26.6,93
24-10-2022,1,24.9,15.1,19.6,16.6,27.1,21,0,0,0,15.9,34.2,113
25-10-2022,0,25.1,13.7,19.4,15,27.9,21.3,0,0,0,10,24.5,101
26-10-2022,0,25.4,13.4,19.5,15.2,30.1,22.1,0,0,0,9,20.5,53
27-10-2022,0,25.5,13.7,19.9,15.3,28.5,22.2,0,0,0,9.7,23.4,20
28-10-2022,51,24.9,16.6,20.6,19.4,27.3,23,0.2,0.2,2,14,33.8,31
29-10-2022,51,24.4,17.2,20.9,19.7,26.3,23.5,0.2,0.2,2,14.1,33.8,16
30-10-2022,51,24.5,18.5,21.5,21.6,27.1,24.1,0.3,0.3,3,12.2,29.5,29
31-10-2022,1,25.6,17.2,21,20.5,28.8,23.7,0,0,0,13.6,32.8,47
01-11-2022,61,23.7,16.9,19.6,19.8,26.6,22.8,6.9,6.9,12,12,33.5,52
02-11-2022,55,21.7,17.5,19.3,20.2,24.5,21.8,8.8,8.8,19,15.8,31.7,56
03-11-2022,55,23.4,18.4,20.2,20.5,26.5,23,5.5,5.5,15,15.6,28.4,34
04-11-2022,61,25,18.8,21.2,21.1,27.9,24.1,3.2,3.2,12,15.1,33.8,5
05-11-2022,51,25.3,18.6,21.4,21.4,27.8,24.2,0.6,0.6,6,18.1,34.9,356
06-11-2022,51,24.4,18.2,20.9,21.5,27,23.8,1,1,5,15.3,31.3,18
07-11-2022,1,25.7,16.1,20.5,19.3,28,22.8,0,0,0,12.8,28.4,29
08-11-2022,3,25.7,15.9,20.6,18.5,28.3,22.9,0,0,0,12.5,27.7,27
09-11-2022,1,26,15.6,20.5,18.8,28.2,22.7,0,0,0,11.5,27,29
10-11-2022,51,26,15.7,20.6,18.7,28.1,22.9,0.1,0.1,1,14.1,32.4,30
11-11-2022,63,23.4,17.9,19.5,19.9,22.8,21.2,12.1,12.1,14,15,46.4,57
12-11-2022,53,22.4,18,19.8,19.3,23.3,21.3,4.6,4.6,18,21.4,38.9,47
13-11-2022,61,23.8,19.3,20.4,21,25.4,23,5.3,5.3,15,20.3,39.2,4
14-11-2022,53,25.3,18.1,20.9,20,27.7,23.2,1,1,4,13,28.1,10
15-11-2022,51,25.3,18.4,21.3,20.8,29.2,24.3,1,1,8,9.1,26.6,11
16-11-2022,3,25.6,17,21,20.5,29,24.2,0,0,0,9.4,25.2,40
17-11-2022,1,25.1,13.3,19.2,16.6,27.6,21.1,0,0,0,11.3,26.3,59
18-11-2022,1,24.8,12.6,18.3,13.9,26.8,19.2,0,0,0,11,24.8,45
19-11-2022,1,24.1,12.1,18,13.7,25.4,18.9,0,0,0,13.6,29.9,45
20-11-2022,1,23.2,11.7,17.8,13.7,24.7,19,0,0,0,11.8,23.8,54
21-11-2022,3,23.5,13.3,18.2,13.4,25.6,19.5,0,0,0,9.4,26.3,76
22-11-2022,51,22.5,17.5,20,19.3,25.7,22.7,0.2,0.2,2,8.7,17.6,64
23-11-2022,53,21.7,18.5,19.7,21.8,25.4,23.6,8.2,8.2,24,7.6,15.8,96
24-11-2022,53,25,19.1,21.1,22.5,28.3,24.7,3,3,15,10.9,24.1,343
25-11-2022,3,25,18.8,21.3,21.2,27.8,24.4,0,0,0,13.1,28.1,346
26-11-2022,3,26.1,18.3,21.5,21.3,30,25,0,0,0,10.2,24.1,357
27-11-2022,51,25.7,18.2,21.4,21.6,28.9,24.7,0.2,0.2,2,9.3,19.4,350
28-11-2022,51,25.9,18.8,21.8,21.4,29.4,25.3,0.4,0.4,4,8.7,19.4,340
29-11-2022,3,26.5,17.9,21.5,19.8,29.1,24.2,0,0,0,10.7,23.4,24
30-11-2022,2,25.4,14.6,19.5,16.6,27.9,21.3,0,0,0,9.3,23,25
01-12-2022,51,24.9,14.1,19.8,16.5,27.2,22.3,0.5,0.5,3,12.3,28.1,353
02-12-2022,51,25.7,18.9,21.6,21.3,28.5,24.4,0.1,0.1,1,12.8,27,358
03-12-2022,3,26,18.7,21.7,21.4,28.7,24.8,0,0,0,14,31,1
04-12-2022,3,26,18.8,21.8,21.3,27.7,23.8,0,0,0,15.9,33.1,13
05-12-2022,3,25.5,17,20.9,19.5,27.1,23.2,0,0,0,16.4,32.8,2
06-12-2022,3,25.9,17.8,21.2,20.4,28.2,23.4,0,0,0,11.5,27.7,32
07-12-2022,1,24.8,15.3,19.5,17.3,23.7,20.1,0,0,0,15.4,32.4,62
08-12-2022,51,24.8,14.5,19.4,15.8,23.7,19.4,0.2,0.2,1,16.6,33.8,92
09-12-2022,61,18.3,14.4,16.5,15.1,18.5,17.1,10.5,10.5,21,18.1,42.1,105
10-12-2022,63,17.5,16.5,17.1,15.8,19.3,17,46.6,46.6,24,25.3,48.6,121
11-12-2022,51,20.6,17.7,18.8,19.5,23.4,21.3,2.9,2.9,13,9.9,19.1,3
12-12-2022,63,23.2,18.3,20.1,20.7,25.6,22.6,10,10,13,12.8,31.7,340
13-12-2022,63,23.9,18.5,20.2,20.5,26.4,22.5,7.8,7.8,10,13.9,35.6,332
14-12-2022,51,23.9,17.3,20,19,25.6,22.1,0.1,0.1,1,17.7,33.8,336
15-12-2022,3,25.2,15,19.9,17.3,26.8,21.9,0,0,0,12.4,28.4,358
16-12-2022,0,25.5,12.9,18.9,15.2,26.7,20.4,0,0,0,13.7,29.5,8
17-12-2022,2,26,14.2,19.8,15.8,28.3,21.8,0,0,0,16.4,33.8,21
18-12-2022,3,25.2,15.6,20.1,18.9,26,22.2,0,0,0,19.2,40,52
19-12-2022,3,24.1,16.3,19.8,18,26.3,21.4,0,0,0,15.9,35.3,65
20-12-2022,1,26,14.1,19.6,15.8,28.4,21.6,0,0,0,11.9,27,70
21-12-2022,2,25.5,14.1,19.1,16.5,26.6,20.7,0,0,0,12.1,27.7,59
22-12-2022,1,25.3,12.4,18.4,13,26.4,19.4,0,0,0,14.9,32.8,51
23-12-2022,1,25.7,12.9,18.8,15,26.7,19.9,0,0,0,11.8,28.1,41
24-12-2022,1,25.8,11.5,18.6,12.2,27.8,19.9,0,0,0,11.8,26.6,41
25-12-2022,51,24,15.6,19.8,17.5,25,21.7,2.4,2.4,12,18.7,35.3,59
26-12-2022,51,25.1,19.3,21.6,21.7,26,23.6,1,1,7,18.9,39.6,97
27-12-2022,51,25,18.7,21.2,21.2,26.7,23.7,1.5,1.5,9,17.8,37.1,106
28-12-2022,3,26.4,18.4,21.7,21.3,29.2,24.3,0,0,0,12.6,29.9,101
29-12-2022,2,26.5,15.4,20.7,19.4,28.8,23,0,0,0,12.4,28.4,96
30-12-2022,0,26.1,13.7,20,16.9,27.8,22,0,0,0,11.7,30.6,92
31-12-2022,1,26.2,14.1,19.9,15.8,28.1,21.5,0,0,0,8.1,23,89
01-01-2023,1,26.6,13.3,19.9,15.8,28.5,21.6,0,0,0,11.3,26.3,78
02-01-2023,1,25.6,14.2,19.5,16.5,26.1,20.4,0,0,0,14.8,34.2,98
03-01-2023,3,25.3,15.5,19.7,16.7,26.5,21,0,0,0,13.7,32,95
04-01-2023,3,25,15.2,19.6,17.4,25.8,20.7,0,0,0,13.4,33.5,98
05-01-2023,3,24.5,16.5,19.7,16.5,24.3,20.2,0,0,0,16.7,36.7,101
06-01-2023,3,25.4,14.7,19.6,15.2,25.9,19.8,0,0,0,18.7,38.9,82
07-01-2023,3,24.2,14.2,19.4,15.8,24.4,20.3,0,0,0,18.3,38.2,75
08-01-2023,3,25.2,15.3,19.8,16.8,26.8,20.9,0,0,0,13.4,29.9,62
09-01-2023,3,25.4,14.4,18.8,14.3,24.6,18.1,0,0,0,12,28.4,80
10-01-2023,2,25.7,10.1,17.6,11.8,25.1,17.9,0,0,0,14,34.9,79
11-01-2023,2,26.4,9.8,18.1,11.5,25.6,18,0,0,0,11.5,28.8,79
12-01-2023,0,27.3,10.8,18.8,11.4,27,18.5,0,0,0,10.9,29.2,80
13-01-2023,1,27.6,11,19.3,11.7,27.9,19.2,0,0,0,10,22.7,95
14-01-2023,1,28,11.2,19.4,13.7,27.4,19.1,0,0,0,9.1,24.1,92
15-01-2023,0,27.9,10.2,19.2,11.8,27.4,19,0,0,0,9.8,22.7,96
16-01-2023,0,28.3,11.5,19.7,13,28.9,20,0,0,0,12.4,21.2,90
17-01-2023,0,27.7,11.1,19.2,13.5,27.6,19.5,0,0,0,11.9,22.3,111
18-01-2023,2,27,12.8,18.9,14.1,27.6,19.6,0,0,0,12.4,24.5,98
19-01-2023,3,26.7,14,19.1,14.9,26.4,19.3,0,0,0,12.6,25.9,92
20-01-2023,3,25.5,12.6,18.9,13.7,25.8,19.4,0,0,0,12.4,30.2,107
21-01-2023,3,25.7,17.2,20.6,17.4,26.1,20.9,0,0,0,12.6,30.2,94
22-01-2023,3,26,15.3,19.9,16.4,25.2,19.8,0,0,0,14.9,33.8,93
23-01-2023,3,25.9,14.5,20.1,15.5,26.3,20.8,0,0,0,14.4,31,107
24-01-2023,51,26.3,17.5,21.3,18.9,27.5,22.4,0.1,0.1,1,14.2,27.7,124
25-01-2023,3,27,15.8,20.3,16.1,27.5,20.6,0,0,0,13,25.6,112
26-01-2023,3,27.3,15.1,20.1,16.2,27.6,20.6,0,0,0,13,23.8,104
27-01-2023,3,27,14.8,19.9,16.6,27.7,20.8,0,0,0,11,25.9,98
28-01-2023,0,27.2,11.8,19.6,14,26.1,19.5,0,0,0,13.7,32.4,80
29-01-2023,1,27,12.4,19.8,13.8,27,20.2,0,0,0,17.3,38.5,87
30-01-2023,51,25.9,16.1,20.8,17.5,27.5,22.5,0.4,0.4,4,11.9,25.2,95
31-01-2023,3,27.7,17.7,21.9,18.9,27.7,22.5,0,0,0,17,37.8,59
01-02-2023,3,28.1,15.4,21.5,15.4,27.3,21.1,0,0,0,17.7,39.2,56
02-02-2023,3,25.8,18.9,22.1,17.3,23.9,20.4,0,0,0,19.8,43.6,62
03-02-2023,3,25.8,16.3,21.2,15.6,25.2,20.8,0,0,0,19.2,39.6,77
04-02-2023,2,28.4,16.4,22.1,18.2,28.6,22.4,0,0,0,16.1,36,83
05-02-2023,1,29.3,15.2,22.1,18,29.3,22.4,0,0,0,13.6,32,94
06-02-2023,1,29,14.8,21.8,16.1,29.7,21.9,0,0,0,11.9,28.1,103
07-02-2023,1,29,15.4,22.1,17.5,31.5,23.5,0,0,0,10.4,20.2,126
08-02-2023,1,30.1,15.7,22.9,17.8,30.9,23.4,0,0,0,12,28.1,82
09-02-2023,1,29.5,15.7,22.5,17.5,29.4,22.8,0,0,0,14.2,33.5,85
10-02-2023,1,18.6,15.9,NaN,16.4,19.2,NaN,NaN,NaN,0,10.8,19.4,NaN
11-02-2023,NaN,NaN,NaN,NaN,NaN,NaN,NaN,NaN,NaN,0,NaN,NaN,NaN
12-02-2023,NaN,NaN,NaN,NaN,NaN,NaN,NaN,NaN,NaN,0,NaN,NaN,NaN
